学号,姓名,学院,课程编号,课程名称,学分,选课学期,选课日期,成绩
202007000001,俞娟,数学与统计学院,CS300104,计算机网络,-1817048960.0,2021-02,2021-09-21,76
202002000002,尤刚艳,法学院,CS300102,数据结构与算法,-1817048960.0,2020-01,2020-09-27,75
202004000003,朱霞浩,电子信息工程学院,CS300204,编译原理,-1817048960.0,2025-02,2025-09-14,78
202006000004,柏宇,经济与管理学院,CS300201,软件工程,-1817048960.0,2022-01,2022-09-05,88
202006000005,鲁晨,计算机科学与工程学院,CS300204,编译原理,-1817048960.0,2025-01,2025-09-28,81
202008000006,马霞嘉,法学院,FL700101,大学英语,-1817048960.0,2020-02,2020-09-17,74
202003000007,钱宇勇,计算机科学与工程学院,LA800101,法律基础,-1817048960.0,2021-01,2021-09-02,72
202001000008,潘婷,计算机科学与工程学院,CS300105,数据库系统原理,-1817048960.0,2023-01,2023-09-16,68
202002000009,朱帅婷,计算机科学与工程学院,LA800101,法律基础,-1817048960.0,2021-02,2021-09-24,74
202005000010,郑玲,外国语学院,CS300104,计算机网络,-1817048960.0,2023-01,2023-09-11,74
202007000011,李宇秀,经济与管理学院,MA400101,高等数学A,-1817048960.0,2025-01,2025-09-03,72
202002000012,邓鑫鑫,外国语学院,CS300201,软件工程,-1817048960.0,2021-02,2021-09-14,69
202008000013,水刚,法学院,CS300201,软件工程,-1817048960.0,2024-02,2024-09-12,88
202007000014,韦超艳,外国语学院,CS300201,软件工程,-1817048960.0,2023-01,2023-09-12,80
202007000015,苗智翔,经济与管理学院,CS300103,操作系统原理,-1817048960.0,2023-01,2023-09-15,60
202008000016,俞峰博,土木工程学院,EE500101,电路分析,-1817048960.0,2023-01,2023-09-25,81
202004000017,严辉军,电子信息工程学院,CS300103,操作系统原理,-1817048960.0,2023-01,2023-09-16,69
202007000018,李文平,电子信息工程学院,CS300105,数据库系统原理,-1817048960.0,2023-01,2023-09-23,75
202001000019,昌秀,数学与统计学院,CS300102,数据结构与算法,-1817048960.0,2026-01,2026-09-17,70
202002000020,陶俊帅,电子信息工程学院,LA800101,法律基础,-1817048960.0,2023-02,2023-09-08,80
202001000021,赵嘉萱,数学与统计学院,MA400103,概率论与数理统计,-1817048960.0,2021-01,2021-09-08,71
202003000022,沈琳,土木工程学院,LA800101,法律基础,-1817048960.0,2023-02,2023-09-26,67
202006000023,凤瑞宇,计算机科学与工程学院,MA400103,概率论与数理统计,-1817048960.0,2020-01,2020-09-23,92
202005000024,马华天,数学与统计学院,CS300103,操作系统原理,-1817048960.0,2023-02,2023-09-14,72
202006000025,葛洋,经济与管理学院,EE500102,数字逻辑,-1817048960.0,2024-01,2024-09-26,65
202002000026,尤怡,经济与管理学院,FL700101,大学英语,-1817048960.0,2025-02,2025-09-22,84
202007000027,戚磊萱,法学院,EE500101,电路分析,-1817048960.0,2025-01,2025-09-06,81
202003000028,谢军,机电工程学院,MA400103,概率论与数理统计,-1817048960.0,2026-01,2026-09-19,65
202002000029,彭翔天,法学院,CS300204,编译原理,-1817048960.0,2026-01,2026-09-25,71
202008000030,华芳,机电工程学院,CS300104,计算机网络,-1817048960.0,2024-01,2024-09-03,74
202002000031,鲁俊飞,外国语学院,CS300203,人工智能导论,-1817048960.0,2024-01,2024-09-14,81
202004000032,卫玲颖,电子信息工程学院,CS300202,算法设计与分析,-1817048960.0,2023-01,2023-09-15,79
202004000033,吕军霞,机电工程学院,EE500102,数字逻辑,-1817048960.0,2021-02,2021-09-01,62
202006000034,吕鑫林,经济与管理学院,LA800101,法律基础,-1817048960.0,2022-02,2022-09-02,76
202006000035,马勇宇,经济与管理学院,CS300203,人工智能导论,-1817048960.0,2020-01,2020-09-17,79
202004000036,张辉晨,数学与统计学院,EE500101,电路分析,-1817048960.0,2023-02,2023-09-18,70
202007000037,褚秀宇,经济与管理学院,FL700101,大学英语,-1817048960.0,2022-02,2022-09-10,86
202001000038,花鑫,电子信息工程学院,CS300101,程序设计基础,-1817048960.0,2026-01,2026-09-27,74
202002000039,窦阳华,土木工程学院,ME600101,工程制图,-1817048960.0,2024-02,2024-09-22,78
202007000040,吴飞宇,法学院,LA800101,法律基础,-1817048960.0,2023-01,2023-09-21,83
202002000041,朱文,土木工程学院,CS300204,编译原理,-1817048960.0,2022-01,2022-09-13,69
202008000042,陈颖超,数学与统计学院,CS300105,数据库系统原理,-1817048960.0,2025-01,2025-09-11,74
202004000043,孔林宇,法学院,CS300202,算法设计与分析,-1817048960.0,2024-01,2024-09-13,77
202001000044,尤霞,电子信息工程学院,CS300202,算法设计与分析,-1817048960.0,2020-02,2020-09-26,71
202003000045,冯宇超,法学院,EE500102,数字逻辑,-1817048960.0,2024-02,2024-09-07,84
202001000046,俞瑞文,机电工程学院,CS300202,算法设计与分析,-1817048960.0,2020-01,2020-09-25,85
202004000047,孔平,计算机科学与工程学院,CS300202,算法设计与分析,-1817048960.0,2020-02,2020-09-23,85
202005000048,苗晨,电子信息工程学院,MA400102,线性代数,-1817048960.0,2023-01,2023-09-16,75
202003000049,赵阳,数学与统计学院,EE500102,数字逻辑,-1817048960.0,2025-01,2025-09-18,80
202007000050,褚晨,机电工程学院,MA400103,概率论与数理统计,-1817048960.0,2023-01,2023-09-10,86
202004000051,何瑞,经济与管理学院,CS300202,算法设计与分析,-1817048960.0,2021-02,2021-09-20,83
202001000052,秦秀超,电子信息工程学院,CS300103,操作系统原理,-1817048960.0,2024-01,2024-09-13,60
202006000053,李强帅,数学与统计学院,EE500101,电路分析,-1817048960.0,2025-01,2025-09-01,68
202008000054,范静辉,外国语学院,CS300204,编译原理,-1817048960.0,2023-02,2023-09-03,69
202008000055,冯浩磊,土木工程学院,MA400102,线性代数,-1817048960.0,2020-02,2020-09-24,72
202003000056,何玲,经济与管理学院,CS300102,数据结构与算法,-1817048960.0,2022-01,2022-09-10,71
202004000057,吴萱敏,计算机科学与工程学院,CS300101,程序设计基础,-1817048960.0,2024-01,2024-09-21,69
202005000058,张刚杰,法学院,CS300102,数据结构与算法,-1817048960.0,2026-01,2026-09-14,67
202006000059,尤文秀,数学与统计学院,ME600101,工程制图,-1817048960.0,2023-01,2023-09-20,80
202003000060,马明秀,机电工程学院,CS300102,数据结构与算法,-1817048960.0,2026-01,2026-09-20,78
202005000061,孙霞帅,法学院,EE500101,电路分析,-1817048960.0,2023-02,2023-09-28,72
202002000062,赵娜,计算机科学与工程学院,MA400103,概率论与数理统计,-1817048960.0,2022-01,2022-09-17,67
202002000063,袁涛婷,外国语学院,CS300102,数据结构与算法,-1817048960.0,2024-02,2024-09-21,75
202008000064,喻鑫静,机电工程学院,LA800101,法律基础,-1817048960.0,2021-02,2021-09-27,88
202008000065,沈丽,经济与管理学院,CS300102,数据结构与算法,-1817048960.0,2023-01,2023-09-22,77
202002000066,孔智浩,经济与管理学院,EE500102,数字逻辑,-1817048960.0,2023-02,2023-09-24,81
202008000067,孔文飞,数学与统计学院,MA400101,高等数学A,-1817048960.0,2024-01,2024-09-27,73
202006000068,尤超萱,法学院,ME600101,工程制图,-1817048960.0,2024-02,2024-09-23,69
202007000069,苏平宇,土木工程学院,CS300203,人工智能导论,-1817048960.0,2025-02,2025-09-13,79
202007000070,卫智敏,电子信息工程学院,LA800101,法律基础,-1817048960.0,2021-01,2021-09-12,86
202006000071,卫帅勇,外国语学院,CS300102,数据结构与算法,-1817048960.0,2021-02,2021-09-12,70
202001000072,卫嘉娟,数学与统计学院,CS300104,计算机网络,-1817048960.0,2020-01,2020-09-11,67
202002000073,陈勇涛,外国语学院,EE500101,电路分析,-1817048960.0,2022-01,2022-09-17,70
202007000074,喻超,计算机科学与工程学院,CS300101,程序设计基础,-1817048960.0,2024-01,2024-09-27,62
202003000075,凤嘉磊,外国语学院,MA400103,概率论与数理统计,-1817048960.0,2026-01,2026-09-20,81
202007000076,昌琳怡,数学与统计学院,ME600101,工程制图,-1817048960.0,2025-01,2025-09-20,77
202001000077,袁敏萱,数学与统计学院,CS300202,算法设计与分析,-1817048960.0,2022-01,2022-09-25,67
202008000078,韦涛浩,经济与管理学院,LA800101,法律基础,-1817048960.0,2023-01,2023-09-14,68
202008000079,云浩,电子信息工程学院,LA800101,法律基础,-1817048960.0,2025-01,2025-09-09,70
202002000080,吕婷翔,经济与管理学院,FL700101,大学英语,-1817048960.0,2021-02,2021-09-28,76
202001000081,孙磊飞,外国语学院,CS300101,程序设计基础,-1817048960.0,2023-02,2023-09-02,68
202008000082,谢明琳,电子信息工程学院,CS300102,数据结构与算法,-1817048960.0,2021-01,2021-09-11,73
202004000083,马艳芳,外国语学院,MA400102,线性代数,-1817048960.0,2022-01,2022-09-09,74
202002000084,吕飞伟,电子信息工程学院,EE500102,数字逻辑,-1817048960.0,2021-02,2021-09-02,79
202004000085,邓嘉峰,经济与管理学院,ME600101,工程制图,-1817048960.0,2024-02,2024-09-18,74
202003000086,褚玲,计算机科学与工程学院,EE500102,数字逻辑,-1817048960.0,2022-01,2022-09-07,75
202005000087,周俊,电子信息工程学院,ME600101,工程制图,-1817048960.0,2025-02,2025-09-16,69
202006000088,许文伟,土木工程学院,CS300205,计算机组成原理,-1817048960.0,2023-01,2023-09-21,78
202003000089,任文怡,土木工程学院,EE500101,电路分析,-1817048960.0,2025-02,2025-09-16,77
202002000090,华琳天,数学与统计学院,CS300202,算法设计与分析,-1817048960.0,2024-01,2024-09-11,72
202002000091,花强阳,外国语学院,MA400102,线性代数,-1817048960.0,2023-02,2023-09-01,85
202006000092,褚涛阳,计算机科学与工程学院,EE500101,电路分析,-1817048960.0,2024-02,2024-09-15,62
202006000093,柳丽芳,数学与统计学院,EE500101,电路分析,-1817048960.0,2026-01,2026-09-27,86
202006000094,尤宇平,土木工程学院,CS300104,计算机网络,-1817048960.0,2024-01,2024-09-14,75
202005000095,窦华刚,数学与统计学院,CS300102,数据结构与算法,-1817048960.0,2022-02,2022-09-06,71
202002000096,冯琳艳,电子信息工程学院,CS300202,算法设计与分析,-1817048960.0,2021-01,2021-09-24,76
202002000097,方丽静,外国语学院,CS300104,计算机网络,-1817048960.0,2024-01,2024-09-02,81
202005000098,郎军敏,土木工程学院,MA400103,概率论与数理统计,-1817048960.0,2025-01,2025-09-11,75
202002000099,花俊,电子信息工程学院,CS300202,算法设计与分析,-1817048960.0,2025-01,2025-09-25,81
202001000100,郎敏鑫,外国语学院,CS300201,软件工程,-1817048960.0,2024-01,2024-09-11,75
202001000101,陈琳,电子信息工程学院,CS300104,计算机网络,-1817048960.0,2022-02,2022-09-28,79
202001000102,昌超,土木工程学院,MA400101,高等数学A,-1817048960.0,2021-01,2021-09-08,81
202005000103,凤敏静,经济与管理学院,CS300204,编译原理,-1817048960.0,2020-01,2020-09-16,83
202007000104,凤俊婷,经济与管理学院,MA400103,概率论与数理统计,-1817048960.0,2023-01,2023-09-11,64
202002000105,杨晨敏,机电工程学院,CS300102,数据结构与算法,-1817048960.0,2026-01,2026-09-10,79
202008000106,范嘉,电子信息工程学院,CS300103,操作系统原理,-1817048960.0,2026-01,2026-09-19,66
202007000107,云超,外国语学院,CS300103,操作系统原理,-1817048960.0,2022-02,2022-09-07,81
202008000108,赵刚晨,土木工程学院,CS300204,编译原理,-1817048960.0,2020-01,2020-09-23,82
202004000109,邓宇瑞,计算机科学与工程学院,LA800101,法律基础,-1817048960.0,2026-01,2026-09-26,66
202005000110,马秀,土木工程学院,MA400102,线性代数,-1817048960.0,2025-02,2025-09-05,81
202004000111,鲁涛秀,经济与管理学院,CS300205,计算机组成原理,-1817048960.0,2022-01,2022-09-20,79
202008000112,章辉,外国语学院,EE500101,电路分析,-1817048960.0,2025-01,2025-09-13,83
202004000113,韩博明,外国语学院,MA400102,线性代数,-1817048960.0,2020-02,2020-09-23,75
202008000114,韩洋帅,电子信息工程学院,CS300202,算法设计与分析,-1817048960.0,2023-02,2023-09-16,71
202004000115,范嘉宇,土木工程学院,CS300203,人工智能导论,-1817048960.0,2020-01,2020-09-16,73
202001000116,许辉辉,电子信息工程学院,FL700101,大学英语,-1817048960.0,2023-01,2023-09-16,82
202002000117,杨玲,数学与统计学院,CS300104,计算机网络,-1817048960.0,2022-02,2022-09-17,93
202006000118,郎辉林,土木工程学院,CS300202,算法设计与分析,-1817048960.0,2025-01,2025-09-22,66
202001000119,任鑫娟,机电工程学院,CS300204,编译原理,-1817048960.0,2022-01,2022-09-05,71
202004000120,郎峰瑞,外国语学院,CS300104,计算机网络,-1817048960.0,2023-02,2023-09-28,73
202005000121,孙阳秀,电子信息工程学院,CS300201,软件工程,-1817048960.0,2026-01,2026-09-05,63
202004000122,邓丽文,法学院,LA800101,法律基础,-1817048960.0,2025-02,2025-09-04,73
202002000123,褚飞明,计算机科学与工程学院,LA800101,法律基础,-1817048960.0,2022-02,2022-09-14,69
202005000124,孙娟玲,电子信息工程学院,CS300104,计算机网络,-1817048960.0,2026-01,2026-09-21,85
202005000125,钱艳怡,法学院,CS300103,操作系统原理,-1817048960.0,2025-02,2025-09-23,74
202004000126,云勇飞,经济与管理学院,CS300102,数据结构与算法,-1817048960.0,2020-02,2020-09-21,81
202002000127,章娜秀,电子信息工程学院,LA800101,法律基础,-1817048960.0,2024-01,2024-09-25,72
202006000128,魏超芳,电子信息工程学院,ME600101,工程制图,-1817048960.0,2022-01,2022-09-02,67
202004000129,陈超萱,土木工程学院,FL700101,大学英语,-1817048960.0,2022-02,2022-09-14,83
202003000130,曹刚辉,计算机科学与工程学院,CS300104,计算机网络,-1817048960.0,2025-01,2025-09-25,91
202007000131,潘芳鑫,经济与管理学院,CS300205,计算机组成原理,-1817048960.0,2024-02,2024-09-08,73
202007000132,沈娟玲,数学与统计学院,CS300205,计算机组成原理,-1817048960.0,2022-02,2022-09-05,70
202008000133,水俊刚,电子信息工程学院,MA400103,概率论与数理统计,-1817048960.0,2025-01,2025-09-25,83
202002000134,吴翔,数学与统计学院,FL700101,大学英语,-1817048960.0,2023-01,2023-09-12,71
202004000135,金秀娟,数学与统计学院,CS300201,软件工程,-1817048960.0,2024-01,2024-09-15,68
202003000136,郑磊颖,外国语学院,CS300205,计算机组成原理,-1817048960.0,2022-02,2022-09-19,76
202002000137,云秀,外国语学院,MA400102,线性代数,-1817048960.0,2023-02,2023-09-16,77
202004000138,袁萱颖,机电工程学院,MA400101,高等数学A,-1817048960.0,2023-01,2023-09-15,84
202002000139,郎明,经济与管理学院,MA400101,高等数学A,-1817048960.0,2025-01,2025-09-01,87
202004000140,韩雷军,机电工程学院,CS300204,编译原理,-1817048960.0,2024-02,2024-09-19,67
202006000141,郎华,法学院,CS300205,计算机组成原理,-1817048960.0,2020-02,2020-09-19,83
202003000142,许雷涛,土木工程学院,CS300104,计算机网络,-1817048960.0,2025-01,2025-09-21,71
202006000143,秦勇萱,计算机科学与工程学院,CS300104,计算机网络,-1817048960.0,2023-02,2023-09-06,65
202003000144,张静浩,数学与统计学院,CS300101,程序设计基础,-1817048960.0,2021-01,2021-09-22,82
202003000145,喻辉,电子信息工程学院,LA800101,法律基础,-1817048960.0,2020-02,2020-09-02,87
202007000146,卫颖,土木工程学院,MA400103,概率论与数理统计,-1817048960.0,2021-02,2021-09-14,75
202001000147,喻宇,外国语学院,CS300103,操作系统原理,-1817048960.0,2024-01,2024-09-04,69
202003000148,杨平敏,计算机科学与工程学院,CS300205,计算机组成原理,-1817048960.0,2023-02,2023-09-20,80
202005000149,谢鑫颖,土木工程学院,CS300101,程序设计基础,-1817048960.0,2023-01,2023-09-06,62
202005000150,孙颖,机电工程学院,MA400101,高等数学A,-1817048960.0,2026-01,2026-09-20,90
202005000151,陶娜阳,电子信息工程学院,CS300102,数据结构与算法,-1817048960.0,2022-01,2022-09-28,76
202006000152,沈平鑫,土木工程学院,CS300204,编译原理,-1817048960.0,2026-01,2026-09-01,85
202008000153,孙琳刚,计算机科学与工程学院,ME600101,工程制图,-1817048960.0,2021-02,2021-09-14,66
202005000154,彭军,法学院,MA400103,概率论与数理统计,-1817048960.0,2022-02,2022-09-16,70
202006000155,吴宇,经济与管理学院,CS300203,人工智能导论,-1817048960.0,2020-02,2020-09-10,67
202007000156,孙阳辉,经济与管理学院,CS300201,软件工程,-1817048960.0,2023-01,2023-09-21,71
202002000157,钱阳静,计算机科学与工程学院,CS300104,计算机网络,-1817048960.0,2023-02,2023-09-28,70
202002000158,魏杰敏,土木工程学院,MA400103,概率论与数理统计,-1817048960.0,2021-02,2021-09-10,71
202003000159,邓萱玲,电子信息工程学院,FL700101,大学英语,-1817048960.0,2024-01,2024-09-16,75
202001000160,邹俊静,电子信息工程学院,LA800101,法律基础,-1817048960.0,2026-01,2026-09-21,74
202004000161,冯军晨,计算机科学与工程学院,MA400103,概率论与数理统计,-1817048960.0,2020-02,2020-09-17,76
202008000162,喻宇,法学院,ME600101,工程制图,-1817048960.0,2020-01,2020-09-05,80
202003000163,花丽,经济与管理学院,CS300205,计算机组成原理,-1817048960.0,2021-01,2021-09-09,83
202007000164,袁芳平,计算机科学与工程学院,MA400103,概率论与数理统计,-1817048960.0,2024-01,2024-09-16,80
202005000165,王帅,法学院,CS300104,计算机网络,-1817048960.0,2025-01,2025-09-24,66
202002000166,魏杰明,外国语学院,MA400102,线性代数,-1817048960.0,2021-01,2021-09-17,78
202005000167,任娜,电子信息工程学院,MA400101,高等数学A,-1817048960.0,2024-01,2024-09-12,75
202001000168,窦怡琳,数学与统计学院,EE500102,数字逻辑,-1817048960.0,2020-02,2020-09-03,68
202005000169,冯宇秀,经济与管理学院,CS300203,人工智能导论,-1817048960.0,2023-02,2023-09-19,77
202006000170,吴娟军,计算机科学与工程学院,CS300105,数据库系统原理,-1817048960.0,2026-01,2026-09-21,68
202005000171,云鑫,经济与管理学院,CS300102,数据结构与算法,-1817048960.0,2021-01,2021-09-08,68
202007000172,褚文,计算机科学与工程学院,CS300203,人工智能导论,-1817048960.0,2026-01,2026-09-03,75
202002000173,尤林勇,机电工程学院,CS300104,计算机网络,-1817048960.0,2021-01,2021-09-25,86
202005000174,赵秀伟,土木工程学院,FL700101,大学英语,-1817048960.0,2020-01,2020-09-14,70
202006000175,魏娜,数学与统计学院,MA400103,概率论与数理统计,-1817048960.0,2022-01,2022-09-03,67
202004000176,苏娜飞,数学与统计学院,CS300102,数据结构与算法,-1817048960.0,2022-02,2022-09-12,71
202004000177,邓阳颖,法学院,CS300104,计算机网络,-1817048960.0,2023-01,2023-09-26,62
202004000178,孔瑞,土木工程学院,CS300102,数据结构与算法,-1817048960.0,2021-02,2021-09-25,73
202001000179,鲁博辉,法学院,CS300105,数据库系统原理,-1817048960.0,2021-02,2021-09-11,75
202008000180,赵翔明,机电工程学院,CS300102,数据结构与算法,-1817048960.0,2020-01,2020-09-21,77
202003000181,戚宇,经济与管理学院,CS300203,人工智能导论,-1817048960.0,2020-01,2020-09-17,80
202004000182,吴阳刚,法学院,CS300203,人工智能导论,-1817048960.0,2024-01,2024-09-16,85
202004000183,袁林伟,计算机科学与工程学院,EE500101,电路分析,-1817048960.0,2020-02,2020-09-06,66
202005000184,张军翔,计算机科学与工程学院,CS300204,编译原理,-1817048960.0,2022-02,2022-09-12,79
202005000185,钱翔博,外国语学院,MA400103,概率论与数理统计,-1817048960.0,2023-01,2023-09-04,55
202003000186,施帅,数学与统计学院,CS300101,程序设计基础,-1817048960.0,2023-01,2023-09-28,70
202008000187,沈华,机电工程学院,CS300202,算法设计与分析,-1817048960.0,2023-01,2023-09-02,74
202002000188,吕晨峰,数学与统计学院,EE500102,数字逻辑,-1817048960.0,2020-02,2020-09-08,76
202001000189,施磊婷,外国语学院,EE500102,数字逻辑,-1817048960.0,2021-02,2021-09-27,77
202003000190,张帅,电子信息工程学院,EE500102,数字逻辑,-1817048960.0,2022-02,2022-09-11,75
202004000191,马阳丽,外国语学院,CS300105,数据库系统原理,-1817048960.0,2021-02,2021-09-16,62
202001000192,曹浩晨,机电工程学院,CS300204,编译原理,-1817048960.0,2025-01,2025-09-07,75
202008000193,范琳,电子信息工程学院,CS300202,算法设计与分析,-1817048960.0,2023-01,2023-09-21,82
202006000194,马晨颖,数学与统计学院,FL700101,大学英语,-1817048960.0,2020-01,2020-09-10,75
202008000195,钱颖瑞,经济与管理学院,CS300203,人工智能导论,-1817048960.0,2020-01,2020-09-08,71
202001000196,严霞洋,法学院,CS300105,数据库系统原理,-1817048960.0,2025-01,2025-09-25,62
202001000197,韩怡,数学与统计学院,CS300204,编译原理,-1817048960.0,2022-02,2022-09-01,77
202003000198,邹丽宇,经济与管理学院,CS300104,计算机网络,-1817048960.0,2024-02,2024-09-11,69
202006000199,云丽萱,数学与统计学院,EE500102,数字逻辑,-1817048960.0,2025-01,2025-09-27,84
202001000200,陈杰怡,数学与统计学院,CS300205,计算机组成原理,-1817048960.0,2021-01,2021-09-15,89
202008000201,郑洋鑫,数学与统计学院,EE500102,数字逻辑,-1817048960.0,2020-02,2020-09-14,75
202005000202,张俊俊,土木工程学院,MA400102,线性代数,-1817048960.0,2024-02,2024-09-21,70
202004000203,喻智娜,经济与管理学院,EE500101,电路分析,-1817048960.0,2022-02,2022-09-28,78
202008000204,许伟,法学院,FL700101,大学英语,-1817048960.0,2025-02,2025-09-06,79
202008000205,韦帅,数学与统计学院,CS300102,数据结构与算法,-1817048960.0,2025-01,2025-09-03,84
202004000206,谢晨,土木工程学院,EE500101,电路分析,-1817048960.0,2024-01,2024-09-18,65
202002000207,蒋辉峰,计算机科学与工程学院,CS300205,计算机组成原理,-1817048960.0,2021-01,2021-09-27,83
202005000208,郎萱军,外国语学院,ME600101,工程制图,-1817048960.0,2024-02,2024-09-07,84
202005000209,凤宇,电子信息工程学院,LA800101,法律基础,-1817048960.0,2022-02,2022-09-06,73
202006000210,孔磊宇,外国语学院,MA400101,高等数学A,-1817048960.0,2023-01,2023-09-22,65
202008000211,水飞伟,法学院,EE500102,数字逻辑,-1817048960.0,2025-01,2025-09-23,72
202001000212,方鑫强,数学与统计学院,CS300205,计算机组成原理,-1817048960.0,2022-01,2022-09-03,86
202002000213,任博静,外国语学院,EE500102,数字逻辑,-1817048960.0,2020-01,2020-09-20,80
202007000214,吴浩帅,电子信息工程学院,EE500102,数字逻辑,-1817048960.0,2026-01,2026-09-05,84
202004000215,潘娟辉,经济与管理学院,FL700101,大学英语,-1817048960.0,2020-02,2020-09-20,82
202004000216,柳超峰,电子信息工程学院,FL700101,大学英语,-1817048960.0,2022-01,2022-09-13,78
202002000217,王俊翔,法学院,LA800101,法律基础,-1817048960.0,2020-01,2020-09-19,77
202004000218,章敏,机电工程学院,CS300203,人工智能导论,-1817048960.0,2025-01,2025-09-21,66
202008000219,王文超,外国语学院,MA400103,概率论与数理统计,-1817048960.0,2025-01,2025-09-07,63
202008000220,戚嘉,计算机科学与工程学院,CS300201,软件工程,-1817048960.0,2023-01,2023-09-02,82
202001000221,葛智阳,法学院,CS300205,计算机组成原理,-1817048960.0,2025-01,2025-09-10,57
202002000222,葛勇智,机电工程学院,MA400101,高等数学A,-1817048960.0,2021-01,2021-09-20,77
202006000223,冯林洋,计算机科学与工程学院,MA400101,高等数学A,-1817048960.0,2022-02,2022-09-03,77
202007000224,方霞婷,电子信息工程学院,CS300204,编译原理,-1817048960.0,2025-02,2025-09-01,81
202001000225,戚晨洋,法学院,CS300205,计算机组成原理,-1817048960.0,2020-01,2020-09-20,83
202002000226,李智萱,外国语学院,ME600101,工程制图,-1817048960.0,2025-01,2025-09-15,63
202003000227,柏刚雷,计算机科学与工程学院,CS300103,操作系统原理,-1817048960.0,2024-01,2024-09-01,80
202006000228,任平辉,经济与管理学院,CS300104,计算机网络,-1817048960.0,2020-01,2020-09-13,80
202008000229,袁华超,计算机科学与工程学院,CS300204,编译原理,-1817048960.0,2026-01,2026-09-11,70
202001000230,秦涛峰,法学院,ME600101,工程制图,-1817048960.0,2020-02,2020-09-22,81
202002000231,袁涛颖,经济与管理学院,CS300205,计算机组成原理,-1817048960.0,2020-01,2020-09-11,72
202006000232,朱雷,经济与管理学院,CS300205,计算机组成原理,-1817048960.0,2022-01,2022-09-05,76
202004000233,苗强瑞,计算机科学与工程学院,EE500101,电路分析,-1817048960.0,2021-02,2021-09-27,60
202008000234,许嘉颖,外国语学院,CS300101,程序设计基础,-1817048960.0,2024-02,2024-09-13,72
202002000235,云勇,数学与统计学院,EE500102,数字逻辑,-1817048960.0,2021-01,2021-09-24,79
202006000236,沈涛,计算机科学与工程学院,LA800101,法律基础,-1817048960.0,2024-02,2024-09-15,73
202005000237,花婷鑫,机电工程学院,MA400103,概率论与数理统计,-1817048960.0,2025-01,2025-09-22,72
202003000238,潘智,经济与管理学院,LA800101,法律基础,-1817048960.0,2020-01,2020-09-14,71
202007000239,谢涛,计算机科学与工程学院,FL700101,大学英语,-1817048960.0,2022-02,2022-09-24,64
202004000240,赵明文,法学院,FL700101,大学英语,-1817048960.0,2026-01,2026-09-12,76
202004000241,柳超俊,数学与统计学院,MA400102,线性代数,-1817048960.0,2022-02,2022-09-16,69
202008000242,喻智,外国语学院,CS300102,数据结构与算法,-1817048960.0,2020-02,2020-09-26,82
202004000243,蒋浩,机电工程学院,MA400102,线性代数,-1817048960.0,2024-01,2024-09-05,75
202003000244,任林,经济与管理学院,MA400102,线性代数,-1817048960.0,2022-02,2022-09-03,77
202007000245,张娜,数学与统计学院,MA400102,线性代数,-1817048960.0,2022-02,2022-09-03,73
202005000246,周雷阳,计算机科学与工程学院,CS300202,算法设计与分析,-1817048960.0,2020-01,2020-09-04,73
202008000247,任杰刚,外国语学院,CS300101,程序设计基础,-1817048960.0,2025-01,2025-09-27,80
202002000248,朱刚雷,土木工程学院,MA400101,高等数学A,-1817048960.0,2022-01,2022-09-06,65
202004000249,沈强,计算机科学与工程学院,CS300201,软件工程,-1817048960.0,2025-02,2025-09-24,82
202007000250,俞华,计算机科学与工程学院,EE500101,电路分析,-1817048960.0,2026-01,2026-09-26,76
202004000251,孔强宇,计算机科学与工程学院,EE500102,数字逻辑,-1817048960.0,2023-01,2023-09-02,72
202008000252,魏雷晨,外国语学院,EE500101,电路分析,-1817048960.0,2022-01,2022-09-02,85
202003000253,俞鑫静,法学院,LA800101,法律基础,-1817048960.0,2024-01,2024-09-18,73
202007000254,王峰雷,经济与管理学院,CS300203,人工智能导论,-1817048960.0,2021-01,2021-09-07,69
202008000255,邹俊杰,外国语学院,MA400103,概率论与数理统计,-1817048960.0,2026-01,2026-09-06,84
202005000256,姜刚飞,机电工程学院,CS300101,程序设计基础,-1817048960.0,2024-01,2024-09-11,68
202003000257,陈华林,机电工程学院,CS300205,计算机组成原理,-1817048960.0,2022-01,2022-09-09,72
202003000258,沈文艳,数学与统计学院,ME600101,工程制图,-1817048960.0,2020-01,2020-09-18,72
202007000259,严超鑫,土木工程学院,LA800101,法律基础,-1817048960.0,2023-01,2023-09-02,79
202008000260,冯静敏,外国语学院,FL700101,大学英语,-1817048960.0,2025-01,2025-09-27,77
202002000261,花娜翔,法学院,MA400103,概率论与数理统计,-1817048960.0,2024-01,2024-09-24,72
202004000262,花阳,土木工程学院,CS300201,软件工程,-1817048960.0,2025-01,2025-09-04,65
202007000263,彭怡,机电工程学院,CS300203,人工智能导论,-1817048960.0,2025-01,2025-09-04,83
202006000264,苗霞军,数学与统计学院,LA800101,法律基础,-1817048960.0,2022-01,2022-09-20,81
202005000265,杨勇,数学与统计学院,MA400102,线性代数,-1817048960.0,2024-01,2024-09-04,71
202003000266,潘平,法学院,CS300101,程序设计基础,-1817048960.0,2026-01,2026-09-20,80
202003000267,冯林,经济与管理学院,MA400101,高等数学A,-1817048960.0,2020-02,2020-09-10,69
202006000268,金宇艳,外国语学院,MA400101,高等数学A,-1817048960.0,2022-02,2022-09-06,67
202005000269,昌辉,电子信息工程学院,CS300103,操作系统原理,-1817048960.0,2021-02,2021-09-06,77
202005000270,俞琳琳,外国语学院,CS300103,操作系统原理,-1817048960.0,2022-01,2022-09-07,80
202002000271,朱博琳,外国语学院,CS300101,程序设计基础,-1817048960.0,2021-02,2021-09-03,67
202008000272,曹博,机电工程学院,CS300102,数据结构与算法,-1817048960.0,2023-01,2023-09-21,89
202005000273,孙刚,机电工程学院,CS300205,计算机组成原理,-1817048960.0,2026-01,2026-09-02,73
202001000274,葛杰磊,外国语学院,EE500102,数字逻辑,-1817048960.0,2020-01,2020-09-11,84
202008000275,韩刚晨,数学与统计学院,ME600101,工程制图,-1817048960.0,2023-01,2023-09-18,81
202002000276,王华静,经济与管理学院,CS300205,计算机组成原理,-1817048960.0,2021-02,2021-09-26,68
202001000277,马勇,外国语学院,CS300103,操作系统原理,-1817048960.0,2025-01,2025-09-20,77
202003000278,云阳静,经济与管理学院,CS300104,计算机网络,-1817048960.0,2023-02,2023-09-22,84
202001000279,章超,外国语学院,CS300103,操作系统原理,-1817048960.0,2021-02,2021-09-02,77
202008000280,张磊浩,外国语学院,CS300103,操作系统原理,-1817048960.0,2020-02,2020-09-12,86
202002000281,尤磊宇,计算机科学与工程学院,ME600101,工程制图,-1817048960.0,2023-02,2023-09-09,78
202005000282,吕娟,电子信息工程学院,MA400103,概率论与数理统计,-1817048960.0,2022-01,2022-09-16,77
202004000283,曹秀,电子信息工程学院,CS300204,编译原理,-1817048960.0,2021-01,2021-09-15,76
202004000284,华玲雷,外国语学院,MA400102,线性代数,-1817048960.0,2025-01,2025-09-19,71
202005000285,袁琳涛,法学院,EE500102,数字逻辑,-1817048960.0,2020-01,2020-09-22,64
202002000286,柳伟鑫,机电工程学院,CS300204,编译原理,-1817048960.0,2021-01,2021-09-06,70
202007000287,陶宇,经济与管理学院,CS300203,人工智能导论,-1817048960.0,2020-01,2020-09-16,82
202006000288,任勇,计算机科学与工程学院,CS300204,编译原理,-1817048960.0,2020-01,2020-09-25,64
202004000289,邹静瑞,电子信息工程学院,MA400103,概率论与数理统计,-1817048960.0,2022-02,2022-09-21,68
202005000290,华磊杰,电子信息工程学院,MA400103,概率论与数理统计,-1817048960.0,2021-02,2021-09-04,66
202005000291,韦军,机电工程学院,EE500102,数字逻辑,-1817048960.0,2022-02,2022-09-07,77
202001000292,华晨静,土木工程学院,CS300101,程序设计基础,-1817048960.0,2025-01,2025-09-01,75
202001000293,赵帅,电子信息工程学院,CS300202,算法设计与分析,-1817048960.0,2025-01,2025-09-01,82
202006000294,俞怡鑫,电子信息工程学院,MA400101,高等数学A,-1817048960.0,2022-01,2022-09-09,68
202003000295,张娜林,电子信息工程学院,CS300203,人工智能导论,-1817048960.0,2022-02,2022-09-10,80
202006000296,冯平,电子信息工程学院,CS300102,数据结构与算法,-1817048960.0,2024-02,2024-09-08,79
202005000297,苏林,外国语学院,MA400101,高等数学A,-1817048960.0,2021-01,2021-09-08,82
202002000298,王勇丽,电子信息工程学院,CS300103,操作系统原理,-1817048960.0,2025-02,2025-09-06,74
202003000299,姜霞明,法学院,CS300202,算法设计与分析,-1817048960.0,2026-01,2026-09-18,71
202004000300,云雷峰,经济与管理学院,CS300102,数据结构与算法,-1817048960.0,2020-02,2020-09-13,72
202001000301,邓琳军,外国语学院,EE500102,数字逻辑,-1817048960.0,2022-01,2022-09-11,83
202006000302,水雷,法学院,EE500102,数字逻辑,-1817048960.0,2023-02,2023-09-24,71
202005000303,邹帅艳,机电工程学院,FL700101,大学英语,-1817048960.0,2024-02,2024-09-14,73
202008000304,苏晨,电子信息工程学院,CS300104,计算机网络,-1817048960.0,2025-02,2025-09-09,76
202005000305,周帅宇,土木工程学院,EE500102,数字逻辑,-1817048960.0,2025-01,2025-09-20,84
202007000306,任帅文,法学院,MA400101,高等数学A,-1817048960.0,2020-02,2020-09-14,76
202004000307,戚帅颖,经济与管理学院,EE500101,电路分析,-1817048960.0,2025-02,2025-09-21,77
202006000308,王磊辉,电子信息工程学院,MA400103,概率论与数理统计,-1817048960.0,2023-01,2023-09-28,72
202008000309,孔峰,数学与统计学院,MA400102,线性代数,-1817048960.0,2021-02,2021-09-10,70
202003000310,任晨,法学院,CS300202,算法设计与分析,-1817048960.0,2023-01,2023-09-24,88
202001000311,姜明娟,数学与统计学院,EE500102,数字逻辑,-1817048960.0,2024-02,2024-09-06,61
202003000312,柏萱,法学院,MA400101,高等数学A,-1817048960.0,2020-02,2020-09-09,58
202006000313,韦芳明,计算机科学与工程学院,CS300204,编译原理,-1817048960.0,2023-02,2023-09-10,86
202002000314,窦洋艳,法学院,CS300103,操作系统原理,-1817048960.0,2026-01,2026-09-04,71
202008000315,邓峰萱,电子信息工程学院,FL700101,大学英语,-1817048960.0,2026-01,2026-09-17,62
202003000316,喻刚,外国语学院,CS300204,编译原理,-1817048960.0,2020-02,2020-09-21,79
202008000317,褚娜怡,经济与管理学院,FL700101,大学英语,-1817048960.0,2024-02,2024-09-18,73
202007000318,苏杰,数学与统计学院,MA400102,线性代数,-1817048960.0,2026-01,2026-09-13,73
202002000319,郎霞,计算机科学与工程学院,CS300101,程序设计基础,-1817048960.0,2022-01,2022-09-16,86
202003000320,孙萱,外国语学院,ME600101,工程制图,-1817048960.0,2023-02,2023-09-22,84
202008000321,水娟洋,数学与统计学院,CS300102,数据结构与算法,-1817048960.0,2020-01,2020-09-14,64
202006000322,郑平,经济与管理学院,ME600101,工程制图,-1817048960.0,2022-01,2022-09-15,68
202007000323,沈婷,数学与统计学院,EE500101,电路分析,-1817048960.0,2023-01,2023-09-04,78
202006000324,邓嘉雷,外国语学院,MA400101,高等数学A,-1817048960.0,2025-02,2025-09-06,79
202005000325,杨勇,土木工程学院,ME600101,工程制图,-1817048960.0,2024-02,2024-09-01,89
202002000326,华勇智,土木工程学院,CS300101,程序设计基础,-1817048960.0,2024-02,2024-09-12,81
202007000327,华瑞,数学与统计学院,CS300204,编译原理,-1817048960.0,2021-01,2021-09-26,61
202005000328,袁博,外国语学院,CS300202,算法设计与分析,-1817048960.0,2020-01,2020-09-03,79
202004000329,孔宇晨,机电工程学院,EE500102,数字逻辑,-1817048960.0,2021-02,2021-09-09,70
202005000330,秦文,土木工程学院,CS300203,人工智能导论,-1817048960.0,2025-01,2025-09-20,73
202008000331,陈飞辉,机电工程学院,CS300205,计算机组成原理,-1817048960.0,2022-02,2022-09-07,69
202001000332,窦秀,电子信息工程学院,LA800101,法律基础,-1817048960.0,2020-01,2020-09-03,84
202003000333,金峰鑫,法学院,CS300105,数据库系统原理,-1817048960.0,2024-02,2024-09-25,82
202006000334,窦刚,土木工程学院,CS300103,操作系统原理,-1817048960.0,2023-01,2023-09-02,65
202001000335,孙颖辉,计算机科学与工程学院,CS300104,计算机网络,-1817048960.0,2022-02,2022-09-18,73
202004000336,范艳,经济与管理学院,CS300203,人工智能导论,-1817048960.0,2025-01,2025-09-08,83
202001000337,吕俊瑞,电子信息工程学院,CS300101,程序设计基础,-1817048960.0,2023-02,2023-09-13,71
202002000338,卫飞,法学院,CS300105,数据库系统原理,-1817048960.0,2024-01,2024-09-15,63
202008000339,戚宇,数学与统计学院,CS300104,计算机网络,-1817048960.0,2020-01,2020-09-01,65
202002000340,钱敏强,土木工程学院,EE500101,电路分析,-1817048960.0,2021-01,2021-09-27,71
202006000341,魏峰杰,数学与统计学院,CS300104,计算机网络,-1817048960.0,2025-02,2025-09-07,68
202004000342,卫嘉伟,经济与管理学院,LA800101,法律基础,-1817048960.0,2022-02,2022-09-21,76
202002000343,郎文强,机电工程学院,MA400101,高等数学A,-1817048960.0,2022-02,2022-09-14,70
202004000344,杨玲辉,经济与管理学院,CS300201,软件工程,-1817048960.0,2022-01,2022-09-25,82
202006000345,云芳宇,电子信息工程学院,CS300204,编译原理,-1817048960.0,2021-01,2021-09-18,81
202003000346,邓明洋,数学与统计学院,LA800101,法律基础,-1817048960.0,2024-02,2024-09-27,80
202005000347,王军天,经济与管理学院,FL700101,大学英语,-1817048960.0,2025-02,2025-09-22,79
202004000348,张颖,法学院,CS300104,计算机网络,-1817048960.0,2023-01,2023-09-16,76
202004000349,章艳,数学与统计学院,EE500102,数字逻辑,-1817048960.0,2026-01,2026-09-06,73
202008000350,许伟芳,法学院,CS300105,数据库系统原理,-1817048960.0,2021-02,2021-09-02,78
202006000351,秦辉平,电子信息工程学院,CS300105,数据库系统原理,-1817048960.0,2020-02,2020-09-13,79
202008000352,杨明晨,法学院,CS300202,算法设计与分析,-1817048960.0,2022-02,2022-09-26,79
202004000353,潘杰,土木工程学院,CS300203,人工智能导论,-1817048960.0,2024-02,2024-09-28,87
202007000354,苗峰静,外国语学院,MA400103,概率论与数理统计,-1817048960.0,2022-01,2022-09-19,68
202004000355,严艳娜,土木工程学院,ME600101,工程制图,-1817048960.0,2023-01,2023-09-03,70
202004000356,俞勇,土木工程学院,ME600101,工程制图,-1817048960.0,2023-01,2023-09-13,68
202007000357,范鑫杰,机电工程学院,ME600101,工程制图,-1817048960.0,2020-01,2020-09-20,71
202001000358,蒋平涛,法学院,CS300105,数据库系统原理,-1817048960.0,2025-01,2025-09-10,73
202001000359,韩瑞明,数学与统计学院,ME600101,工程制图,-1817048960.0,2026-01,2026-09-20,70
202001000360,吕萱,法学院,LA800101,法律基础,-1817048960.0,2020-01,2020-09-13,78
202005000361,范艳,数学与统计学院,EE500102,数字逻辑,-1817048960.0,2021-02,2021-09-24,77
202006000362,谢强刚,法学院,CS300104,计算机网络,-1817048960.0,2024-02,2024-09-27,81
202006000363,谢博明,数学与统计学院,CS300201,软件工程,-1817048960.0,2024-02,2024-09-16,77
202003000364,任辉伟,经济与管理学院,CS300103,操作系统原理,-1817048960.0,2021-01,2021-09-05,78
202004000365,尤敏艳,法学院,MA400103,概率论与数理统计,-1817048960.0,2020-02,2020-09-27,77
202002000366,潘洋,法学院,CS300203,人工智能导论,-1817048960.0,2023-02,2023-09-03,71
202001000367,何勇,外国语学院,CS300105,数据库系统原理,-1817048960.0,2022-02,2022-09-20,67
202001000368,柳雷娟,外国语学院,CS300201,软件工程,-1817048960.0,2024-01,2024-09-18,92
202002000369,窦宇敏,电子信息工程学院,EE500101,电路分析,-1817048960.0,2021-02,2021-09-12,65
202003000370,葛秀飞,电子信息工程学院,CS300205,计算机组成原理,-1817048960.0,2022-01,2022-09-24,78
202004000371,鲁天,计算机科学与工程学院,MA400103,概率论与数理统计,-1817048960.0,2021-01,2021-09-24,68
202007000372,孔静刚,外国语学院,CS300201,软件工程,-1817048960.0,2020-01,2020-09-15,74
202004000373,孔秀颖,法学院,MA400103,概率论与数理统计,-1817048960.0,2022-01,2022-09-19,74
202005000374,钱浩瑞,机电工程学院,CS300205,计算机组成原理,-1817048960.0,2022-02,2022-09-17,82
202005000375,陶敏翔,外国语学院,CS300203,人工智能导论,-1817048960.0,2020-02,2020-09-16,83
202006000376,苗刚,经济与管理学院,CS300102,数据结构与算法,-1817048960.0,2020-02,2020-09-11,84
202005000377,袁涛,法学院,CS300104,计算机网络,-1817048960.0,2025-01,2025-09-13,76
202006000378,喻霞平,计算机科学与工程学院,CS300101,程序设计基础,-1817048960.0,2025-02,2025-09-13,66
202006000379,凤瑞宇,土木工程学院,MA400101,高等数学A,-1817048960.0,2025-01,2025-09-07,74
202006000380,郎静,外国语学院,MA400102,线性代数,-1817048960.0,2025-02,2025-09-10,90
202002000381,吕嘉霞,土木工程学院,CS300201,软件工程,-1817048960.0,2026-01,2026-09-14,68
202004000382,韩刚颖,法学院,MA400103,概率论与数理统计,-1817048960.0,2023-02,2023-09-19,78
202006000383,赵嘉,机电工程学院,ME600101,工程制图,-1817048960.0,2025-02,2025-09-19,77
202006000384,许霞林,土木工程学院,MA400101,高等数学A,-1817048960.0,2020-01,2020-09-09,78
202001000385,张玲宇,计算机科学与工程学院,CS300202,算法设计与分析,-1817048960.0,2022-02,2022-09-28,79
202005000386,姜玲强,机电工程学院,MA400102,线性代数,-1817048960.0,2021-02,2021-09-22,71
202005000387,王飞洋,土木工程学院,CS300105,数据库系统原理,-1817048960.0,2022-01,2022-09-05,66
202003000388,蒋文,电子信息工程学院,ME600101,工程制图,-1817048960.0,2023-02,2023-09-26,82
202007000389,金芳宇,计算机科学与工程学院,EE500102,数字逻辑,-1817048960.0,2024-02,2024-09-07,82
202008000390,喻阳智,电子信息工程学院,CS300203,人工智能导论,-1817048960.0,2023-02,2023-09-17,82
202006000391,钱伟伟,法学院,CS300101,程序设计基础,-1817048960.0,2021-02,2021-09-21,72
202004000392,张芳,外国语学院,MA400103,概率论与数理统计,-1817048960.0,2026-01,2026-09-23,61
202002000393,秦磊,法学院,ME600101,工程制图,-1817048960.0,2020-01,2020-09-26,76
202004000394,云浩强,计算机科学与工程学院,ME600101,工程制图,-1817048960.0,2025-01,2025-09-19,78
202008000395,彭华文,计算机科学与工程学院,MA400103,概率论与数理统计,-1817048960.0,2024-02,2024-09-08,77
202003000396,吕军,电子信息工程学院,EE500101,电路分析,-1817048960.0,2020-01,2020-09-01,75
202007000397,蒋强敏,经济与管理学院,MA400103,概率论与数理统计,-1817048960.0,2026-01,2026-09-18,84
202005000398,赵婷辉,法学院,CS300205,计算机组成原理,-1817048960.0,2021-02,2021-09-18,72
202005000399,彭洋,法学院,CS300104,计算机网络,-1817048960.0,2020-01,2020-09-25,80
202003000400,施博,法学院,CS300202,算法设计与分析,-1817048960.0,2020-02,2020-09-04,74
202007000401,陶帅颖,经济与管理学院,CS300103,操作系统原理,-1817048960.0,2023-01,2023-09-18,67
202007000402,范琳丽,计算机科学与工程学院,LA800101,法律基础,-1817048960.0,2024-02,2024-09-07,76
202004000403,方辉,机电工程学院,MA400103,概率论与数理统计,-1817048960.0,2020-02,2020-09-08,83
202003000404,潘瑞瑞,法学院,CS300104,计算机网络,-1817048960.0,2026-01,2026-09-26,70
202008000405,孔翔华,机电工程学院,CS300103,操作系统原理,-1817048960.0,2023-01,2023-09-27,79
202006000406,俞智峰,经济与管理学院,EE500102,数字逻辑,-1817048960.0,2022-01,2022-09-21,69
202002000407,范杰杰,计算机科学与工程学院,LA800101,法律基础,-1817048960.0,2025-02,2025-09-20,82
202004000408,马刚敏,外国语学院,CS300202,算法设计与分析,-1817048960.0,2024-01,2024-09-06,71
202007000409,褚辉,法学院,CS300204,编译原理,-1817048960.0,2021-01,2021-09-09,70
202007000410,张伟翔,机电工程学院,CS300104,计算机网络,-1817048960.0,2025-01,2025-09-11,63
202005000411,彭艳,数学与统计学院,MA400101,高等数学A,-1817048960.0,2023-02,2023-09-21,73
202004000412,凤芳超,外国语学院,CS300101,程序设计基础,-1817048960.0,2023-01,2023-09-03,70
202001000413,韦洋,经济与管理学院,MA400103,概率论与数理统计,-1817048960.0,2022-01,2022-09-22,79
202004000414,窦林强,外国语学院,CS300204,编译原理,-1817048960.0,2021-01,2021-09-06,63
202005000415,孙雷峰,计算机科学与工程学院,CS300101,程序设计基础,-1817048960.0,2022-01,2022-09-12,80
202006000416,孔秀强,计算机科学与工程学院,MA400103,概率论与数理统计,-1817048960.0,2023-01,2023-09-01,68
202008000417,施芳,土木工程学院,LA800101,法律基础,-1817048960.0,2022-02,2022-09-15,63
202007000418,范涛军,外国语学院,EE500102,数字逻辑,-1817048960.0,2024-01,2024-09-11,75
202004000419,花峰,数学与统计学院,MA400102,线性代数,-1817048960.0,2020-01,2020-09-08,70
202001000420,曹秀丽,经济与管理学院,EE500102,数字逻辑,-1817048960.0,2020-02,2020-09-12,68
202003000421,陶娟鑫,电子信息工程学院,LA800101,法律基础,-1817048960.0,2020-02,2020-09-14,80
202005000422,苏平,法学院,CS300205,计算机组成原理,-1817048960.0,2020-01,2020-09-19,84
202005000423,尤军,数学与统计学院,MA400103,概率论与数理统计,-1817048960.0,2020-01,2020-09-22,76
202004000424,曹晨,计算机科学与工程学院,CS300104,计算机网络,-1817048960.0,2023-02,2023-09-16,74
202007000425,昌林,电子信息工程学院,EE500102,数字逻辑,-1817048960.0,2024-02,2024-09-14,84
202005000426,何超,机电工程学院,CS300205,计算机组成原理,-1817048960.0,2024-01,2024-09-07,83
202003000427,韩萱峰,机电工程学院,CS300205,计算机组成原理,-1817048960.0,2025-02,2025-09-17,81
202003000428,何文,法学院,FL700101,大学英语,-1817048960.0,2023-02,2023-09-28,74
202005000429,褚晨博,经济与管理学院,EE500101,电路分析,-1817048960.0,2024-02,2024-09-27,73
202004000430,尤鑫娟,经济与管理学院,CS300102,数据结构与算法,-1817048960.0,2022-01,2022-09-18,81
202004000431,严秀林,数学与统计学院,ME600101,工程制图,-1817048960.0,2022-01,2022-09-28,74
202002000432,谢嘉,法学院,FL700101,大学英语,-1817048960.0,2020-02,2020-09-15,76
202002000433,窦翔娟,数学与统计学院,LA800101,法律基础,-1817048960.0,2025-02,2025-09-16,75
202002000434,孙霞,经济与管理学院,MA400103,概率论与数理统计,-1817048960.0,2022-01,2022-09-04,72
202008000435,马怡,外国语学院,MA400101,高等数学A,-1817048960.0,2024-02,2024-09-03,76
202001000436,孔杰伟,数学与统计学院,MA400102,线性代数,-1817048960.0,2020-02,2020-09-08,70
202003000437,卫敏,法学院,CS300204,编译原理,-1817048960.0,2023-02,2023-09-24,69
202008000438,韩超,机电工程学院,LA800101,法律基础,-1817048960.0,2022-02,2022-09-06,68
202005000439,凤萱嘉,计算机科学与工程学院,MA400102,线性代数,-1817048960.0,2023-01,2023-09-20,88
202006000440,潘俊嘉,机电工程学院,LA800101,法律基础,-1817048960.0,2025-01,2025-09-12,83
202005000441,吕秀博,外国语学院,CS300105,数据库系统原理,-1817048960.0,2024-01,2024-09-02,67
202001000442,马敏俊,法学院,CS300102,数据结构与算法,-1817048960.0,2023-01,2023-09-27,77
202006000443,沈涛翔,经济与管理学院,CS300203,人工智能导论,-1817048960.0,2024-01,2024-09-19,65
202007000444,邹瑞磊,电子信息工程学院,LA800101,法律基础,-1817048960.0,2021-01,2021-09-10,68
202006000445,喻超翔,电子信息工程学院,EE500102,数字逻辑,-1817048960.0,2022-01,2022-09-18,84
202008000446,朱伟翔,机电工程学院,CS300204,编译原理,-1817048960.0,2024-02,2024-09-20,71
202004000447,葛明敏,外国语学院,CS300101,程序设计基础,-1817048960.0,2024-01,2024-09-25,72
202004000448,章婷强,土木工程学院,CS300201,软件工程,-1817048960.0,2023-01,2023-09-18,81
202007000449,喻博鑫,经济与管理学院,CS300203,人工智能导论,-1817048960.0,2020-02,2020-09-13,66
202005000450,苗伟涛,经济与管理学院,CS300104,计算机网络,-1817048960.0,2024-01,2024-09-19,83
202003000451,褚洋涛,计算机科学与工程学院,CS300105,数据库系统原理,-1817048960.0,2022-01,2022-09-28,77
202001000452,孔晨,土木工程学院,CS300103,操作系统原理,-1817048960.0,2022-01,2022-09-18,63
202006000453,袁磊军,电子信息工程学院,CS300105,数据库系统原理,-1817048960.0,2020-02,2020-09-24,70
202004000454,马瑞萱,土木工程学院,CS300105,数据库系统原理,-1817048960.0,2024-01,2024-09-07,66
202001000455,袁翔杰,经济与管理学院,MA400102,线性代数,-1817048960.0,2025-01,2025-09-07,87
202002000456,戚超雷,法学院,CS300102,数据结构与算法,-1817048960.0,2026-01,2026-09-13,72
202001000457,花勇,电子信息工程学院,CS300103,操作系统原理,-1817048960.0,2023-01,2023-09-20,66
202003000458,孙辉,机电工程学院,FL700101,大学英语,-1817048960.0,2021-02,2021-09-01,81
202005000459,朱丽俊,外国语学院,FL700101,大学英语,-1817048960.0,2024-01,2024-09-03,74
202005000460,华杰洋,计算机科学与工程学院,CS300202,算法设计与分析,-1817048960.0,2020-01,2020-09-26,67
202007000461,赵艳宇,计算机科学与工程学院,CS300204,编译原理,-1817048960.0,2023-02,2023-09-22,83
202003000462,吴文翔,外国语学院,CS300101,程序设计基础,-1817048960.0,2020-01,2020-09-16,85
202004000463,云刚平,电子信息工程学院,ME600101,工程制图,-1817048960.0,2021-01,2021-09-06,87
202008000464,卫瑞,机电工程学院,CS300101,程序设计基础,-1817048960.0,2023-01,2023-09-28,75
202006000465,窦霞平,外国语学院,CS300202,算法设计与分析,-1817048960.0,2024-01,2024-09-03,74
202006000466,金飞,电子信息工程学院,CS300102,数据结构与算法,-1817048960.0,2021-01,2021-09-10,71
202004000467,任琳洋,外国语学院,MA400102,线性代数,-1817048960.0,2022-02,2022-09-25,83
202004000468,鲁林勇,外国语学院,CS300202,算法设计与分析,-1817048960.0,2020-02,2020-09-01,80
202001000469,凤艳晨,电子信息工程学院,CS300104,计算机网络,-1817048960.0,2022-01,2022-09-07,91
202006000470,郎艳,经济与管理学院,ME600101,工程制图,-1817048960.0,2020-02,2020-09-15,72
202007000471,陶宇,经济与管理学院,CS300101,程序设计基础,-1817048960.0,2022-02,2022-09-10,73
202007000472,水超平,计算机科学与工程学院,CS300103,操作系统原理,-1817048960.0,2020-02,2020-09-23,76
202004000473,金林林,外国语学院,ME600101,工程制图,-1817048960.0,2021-02,2021-09-24,79
202004000474,施飞鑫,外国语学院,CS300205,计算机组成原理,-1817048960.0,2022-02,2022-09-16,79
202006000475,戚刚强,机电工程学院,CS300102,数据结构与算法,-1817048960.0,2021-01,2021-09-28,70
202001000476,邓浩辉,计算机科学与工程学院,CS300201,软件工程,-1817048960.0,2024-01,2024-09-02,76
202005000477,吕艳,土木工程学院,CS300101,程序设计基础,-1817048960.0,2023-01,2023-09-05,72
202007000478,俞娜,电子信息工程学院,CS300202,算法设计与分析,-1817048960.0,2023-02,2023-09-26,83
202008000479,施秀阳,经济与管理学院,EE500101,电路分析,-1817048960.0,2026-01,2026-09-26,88
202008000480,昌文杰,经济与管理学院,CS300104,计算机网络,-1817048960.0,2020-02,2020-09-10,68
202002000481,孙辉天,电子信息工程学院,CS300105,数据库系统原理,-1817048960.0,2024-01,2024-09-13,73
202004000482,秦飞华,机电工程学院,MA400101,高等数学A,-1817048960.0,2020-01,2020-09-07,76
202001000483,曹辉霞,法学院,CS300102,数据结构与算法,-1817048960.0,2024-01,2024-09-07,84
202007000484,凤静丽,土木工程学院,ME600101,工程制图,-1817048960.0,2020-01,2020-09-26,71
202008000485,韦智,数学与统计学院,CS300105,数据库系统原理,-1817048960.0,2024-02,2024-09-25,70
202007000486,华婷萱,土木工程学院,CS300105,数据库系统原理,-1817048960.0,2021-02,2021-09-15,73
202002000487,柳艳嘉,计算机科学与工程学院,CS300205,计算机组成原理,-1817048960.0,2023-02,2023-09-16,64
202004000488,窦刚,电子信息工程学院,CS300203,人工智能导论,-1817048960.0,2025-02,2025-09-10,78
202007000489,杨秀艳,土木工程学院,LA800101,法律基础,-1817048960.0,2023-02,2023-09-27,81
202006000490,范婷俊,经济与管理学院,CS300105,数据库系统原理,-1817048960.0,2020-02,2020-09-16,68
202001000491,沈玲涛,机电工程学院,CS300102,数据结构与算法,-1817048960.0,2024-01,2024-09-28,79
202002000492,葛伟鑫,电子信息工程学院,CS300104,计算机网络,-1817048960.0,2020-02,2020-09-11,81
202007000493,钱帅辉,电子信息工程学院,LA800101,法律基础,-1817048960.0,2023-01,2023-09-03,67
202005000494,姜林,外国语学院,CS300101,程序设计基础,-1817048960.0,2021-02,2021-09-16,84
202004000495,戚萱峰,机电工程学院,CS300103,操作系统原理,-1817048960.0,2022-02,2022-09-01,75
202004000496,施嘉,数学与统计学院,MA400102,线性代数,-1817048960.0,2020-02,2020-09-25,87
202005000497,陶帅,机电工程学院,MA400102,线性代数,-1817048960.0,2022-02,2022-09-21,75
202001000498,韦磊飞,法学院,CS300104,计算机网络,-1817048960.0,2023-01,2023-09-13,73
202004000499,鲁辉天,外国语学院,EE500102,数字逻辑,-1817048960.0,2021-01,2021-09-19,72
202004000500,卫俊,计算机科学与工程学院,FL700101,大学英语,-1817048960.0,2020-01,2020-09-05,72
202005000501,袁艳,经济与管理学院,CS300203,人工智能导论,-1817048960.0,2023-02,2023-09-23,82
202003000502,魏刚平,电子信息工程学院,EE500101,电路分析,-1817048960.0,2022-01,2022-09-28,78
202001000503,杨刚,外国语学院,CS300102,数据结构与算法,-1817048960.0,2023-02,2023-09-04,68
202002000504,秦霞涛,计算机科学与工程学院,CS300204,编译原理,-1817048960.0,2022-02,2022-09-21,72
202004000505,范秀,机电工程学院,EE500102,数字逻辑,-1817048960.0,2025-02,2025-09-26,69
202001000506,张平宇,计算机科学与工程学院,CS300103,操作系统原理,-1817048960.0,2025-01,2025-09-06,66
202003000507,秦军,法学院,ME600101,工程制图,-1817048960.0,2020-01,2020-09-22,80
202005000508,花峰,经济与管理学院,FL700101,大学英语,-1817048960.0,2020-02,2020-09-10,85
202004000509,俞俊鑫,法学院,ME600101,工程制图,-1817048960.0,2021-01,2021-09-01,74
202006000510,喻瑞,法学院,CS300103,操作系统原理,-1817048960.0,2022-02,2022-09-22,72
202005000511,朱晨磊,经济与管理学院,CS300201,软件工程,-1817048960.0,2021-01,2021-09-02,69
202001000512,吕嘉丽,数学与统计学院,CS300103,操作系统原理,-1817048960.0,2022-01,2022-09-10,89
202003000513,方丽翔,机电工程学院,CS300102,数据结构与算法,-1817048960.0,2021-01,2021-09-22,77
202007000514,柳华,法学院,MA400102,线性代数,-1817048960.0,2020-01,2020-09-26,75
202006000515,陈强萱,土木工程学院,CS300202,算法设计与分析,-1817048960.0,2021-01,2021-09-20,83
202004000516,窦宇,电子信息工程学院,CS300101,程序设计基础,-1817048960.0,2020-01,2020-09-28,68
202001000517,杨勇天,外国语学院,CS300203,人工智能导论,-1817048960.0,2025-02,2025-09-24,78
202007000518,何敏华,法学院,LA800101,法律基础,-1817048960.0,2026-01,2026-09-05,88
202006000519,严军,计算机科学与工程学院,CS300102,数据结构与算法,-1817048960.0,2023-02,2023-09-03,75
202008000520,冯翔,计算机科学与工程学院,FL700101,大学英语,-1817048960.0,2020-02,2020-09-01,74
202005000521,陶洋霞,土木工程学院,LA800101,法律基础,-1817048960.0,2025-01,2025-09-21,82
202004000522,施磊静,经济与管理学院,FL700101,大学英语,-1817048960.0,2024-02,2024-09-15,70
202008000523,戚平萱,土木工程学院,LA800101,法律基础,-1817048960.0,2021-02,2021-09-26,71
202006000524,许辉峰,数学与统计学院,CS300103,操作系统原理,-1817048960.0,2023-01,2023-09-21,72
202008000525,袁鑫,土木工程学院,CS300101,程序设计基础,-1817048960.0,2023-02,2023-09-22,82
202006000526,韩雷磊,经济与管理学院,CS300203,人工智能导论,-1817048960.0,2022-02,2022-09-15,65
202006000527,潘霞雷,数学与统计学院,ME600101,工程制图,-1817048960.0,2025-01,2025-09-21,72
202004000528,曹晨丽,计算机科学与工程学院,CS300101,程序设计基础,-1817048960.0,2022-02,2022-09-16,81
202004000529,陶鑫飞,数学与统计学院,CS300202,算法设计与分析,-1817048960.0,2022-02,2022-09-08,85
202002000530,云鑫鑫,土木工程学院,CS300202,算法设计与分析,-1817048960.0,2024-01,2024-09-07,67
202003000531,孙娜,机电工程学院,CS300201,软件工程,-1817048960.0,2024-02,2024-09-21,80
202002000532,郑丽雷,外国语学院,CS300102,数据结构与算法,-1817048960.0,2026-01,2026-09-15,85
202002000533,周宇洋,数学与统计学院,FL700101,大学英语,-1817048960.0,2023-01,2023-09-25,76
202008000534,褚天娜,土木工程学院,LA800101,法律基础,-1817048960.0,2025-01,2025-09-04,77
202003000535,尤强,经济与管理学院,MA400101,高等数学A,-1817048960.0,2026-01,2026-09-26,76
202007000536,施俊,外国语学院,CS300204,编译原理,-1817048960.0,2025-02,2025-09-19,71
202005000537,朱辉帅,经济与管理学院,LA800101,法律基础,-1817048960.0,2022-02,2022-09-07,81
202001000538,曹翔秀,电子信息工程学院,MA400101,高等数学A,-1817048960.0,2023-02,2023-09-15,62
202001000539,曹辉,数学与统计学院,EE500101,电路分析,-1817048960.0,2025-02,2025-09-03,70
202004000540,柏艳娜,经济与管理学院,MA400102,线性代数,-1817048960.0,2022-02,2022-09-28,71
202001000541,蒋玲敏,外国语学院,CS300205,计算机组成原理,-1817048960.0,2021-02,2021-09-21,73
202006000542,鲁杰帅,土木工程学院,CS300205,计算机组成原理,-1817048960.0,2021-02,2021-09-24,76
202002000543,冯平秀,外国语学院,CS300103,操作系统原理,-1817048960.0,2024-01,2024-09-02,73
202005000544,周浩娟,法学院,CS300104,计算机网络,-1817048960.0,2024-02,2024-09-24,73
202008000545,沈娟怡,外国语学院,LA800101,法律基础,-1817048960.0,2021-02,2021-09-05,74
202006000546,方明华,经济与管理学院,CS300101,程序设计基础,-1817048960.0,2024-01,2024-09-05,73
202002000547,施林娜,土木工程学院,MA400103,概率论与数理统计,-1817048960.0,2026-01,2026-09-10,71
202003000548,郎林俊,法学院,MA400103,概率论与数理统计,-1817048960.0,2024-01,2024-09-25,77
202004000549,卫超,土木工程学院,ME600101,工程制图,-1817048960.0,2020-02,2020-09-10,77
202003000550,华婷,法学院,LA800101,法律基础,-1817048960.0,2022-02,2022-09-26,79
202004000551,施伟俊,数学与统计学院,MA400101,高等数学A,-1817048960.0,2025-01,2025-09-10,81
202003000552,戚博秀,电子信息工程学院,CS300103,操作系统原理,-1817048960.0,2022-01,2022-09-26,66
202002000553,何俊文,数学与统计学院,CS300104,计算机网络,-1817048960.0,2025-02,2025-09-10,74
202005000554,马刚,土木工程学院,CS300102,数据结构与算法,-1817048960.0,2020-02,2020-09-15,65
202008000555,姜强,机电工程学院,CS300205,计算机组成原理,-1817048960.0,2022-02,2022-09-17,66
202006000556,陈宇强,电子信息工程学院,MA400103,概率论与数理统计,-1817048960.0,2020-01,2020-09-27,82
202002000557,水敏文,机电工程学院,EE500102,数字逻辑,-1817048960.0,2022-02,2022-09-23,79
202008000558,郎勇雷,法学院,CS300102,数据结构与算法,-1817048960.0,2023-01,2023-09-17,76
202007000559,严嘉瑞,数学与统计学院,ME600101,工程制图,-1817048960.0,2022-02,2022-09-10,70
202004000560,水林婷,电子信息工程学院,MA400103,概率论与数理统计,-1817048960.0,2020-01,2020-09-03,81
202008000561,柳峰,外国语学院,FL700101,大学英语,-1817048960.0,2023-01,2023-09-01,78
202001000562,任怡嘉,法学院,CS300201,软件工程,-1817048960.0,2020-02,2020-09-03,81
202008000563,许俊宇,土木工程学院,MA400101,高等数学A,-1817048960.0,2024-02,2024-09-26,86
202004000564,孙超超,数学与统计学院,CS300202,算法设计与分析,-1817048960.0,2023-02,2023-09-11,76
202007000565,彭雷帅,经济与管理学院,ME600101,工程制图,-1817048960.0,2021-02,2021-09-20,72
202007000566,华俊,经济与管理学院,EE500102,数字逻辑,-1817048960.0,2022-02,2022-09-19,76
202003000567,昌雷,电子信息工程学院,MA400101,高等数学A,-1817048960.0,2025-01,2025-09-04,73
202002000568,潘林文,土木工程学院,CS300204,编译原理,-1817048960.0,2020-02,2020-09-13,75
202004000569,褚宇,机电工程学院,ME600101,工程制图,-1817048960.0,2025-02,2025-09-10,66
202001000570,华雷翔,土木工程学院,CS300203,人工智能导论,-1817048960.0,2024-02,2024-09-04,78
202001000571,孔辉,法学院,EE500101,电路分析,-1817048960.0,2022-01,2022-09-17,67
202003000572,俞萱,数学与统计学院,ME600101,工程制图,-1817048960.0,2021-02,2021-09-16,79
202003000573,卫华,计算机科学与工程学院,CS300203,人工智能导论,-1817048960.0,2021-01,2021-09-14,74
202005000574,云丽,机电工程学院,EE500102,数字逻辑,-1817048960.0,2022-01,2022-09-07,78
202005000575,吴博,数学与统计学院,MA400103,概率论与数理统计,-1817048960.0,2022-02,2022-09-28,86
202001000576,周浩智,电子信息工程学院,CS300201,软件工程,-1817048960.0,2021-02,2021-09-05,82
202006000577,秦俊勇,外国语学院,FL700101,大学英语,-1817048960.0,2021-02,2021-09-19,70
202002000578,冯杰帅,土木工程学院,EE500102,数字逻辑,-1817048960.0,2021-02,2021-09-25,79
202006000579,邓阳秀,土木工程学院,CS300202,算法设计与分析,-1817048960.0,2021-01,2021-09-22,73
202003000580,方宇平,数学与统计学院,CS300103,操作系统原理,-1817048960.0,2020-02,2020-09-13,81
202001000581,华峰,外国语学院,EE500101,电路分析,-1817048960.0,2024-01,2024-09-01,64
202004000582,葛晨博,电子信息工程学院,CS300203,人工智能导论,-1817048960.0,2025-02,2025-09-17,85
202007000583,杨磊,法学院,ME600101,工程制图,-1817048960.0,2025-01,2025-09-12,75
202004000584,韩敏丽,数学与统计学院,MA400101,高等数学A,-1817048960.0,2022-01,2022-09-03,72
202005000585,云晨平,数学与统计学院,CS300105,数据库系统原理,-1817048960.0,2023-01,2023-09-21,72
202004000586,卫鑫,数学与统计学院,CS300101,程序设计基础,-1817048960.0,2022-02,2022-09-07,73
202008000587,水辉,法学院,CS300203,人工智能导论,-1817048960.0,2022-01,2022-09-18,63
202005000588,彭鑫超,数学与统计学院,CS300201,软件工程,-1817048960.0,2026-01,2026-09-25,74
202001000589,苏玲颖,电子信息工程学院,CS300104,计算机网络,-1817048960.0,2026-01,2026-09-25,67
202003000590,郎秀丽,电子信息工程学院,ME600101,工程制图,-1817048960.0,2022-01,2022-09-27,84
202005000591,俞浩玲,电子信息工程学院,EE500102,数字逻辑,-1817048960.0,2023-02,2023-09-18,82
202006000592,窦军平,经济与管理学院,CS300101,程序设计基础,-1817048960.0,2023-02,2023-09-25,79
202003000593,袁萱婷,法学院,MA400103,概率论与数理统计,-1817048960.0,2024-02,2024-09-20,84
202007000594,任翔颖,经济与管理学院,CS300205,计算机组成原理,-1817048960.0,2024-02,2024-09-19,79
202005000595,孙婷林,法学院,FL700101,大学英语,-1817048960.0,2021-01,2021-09-18,80
202003000596,华丽军,土木工程学院,EE500102,数字逻辑,-1817048960.0,2022-01,2022-09-05,78
202002000597,水飞,计算机科学与工程学院,CS300105,数据库系统原理,-1817048960.0,2026-01,2026-09-11,73
202001000598,喻军,法学院,FL700101,大学英语,-1817048960.0,2025-01,2025-09-28,69
202001000599,韩涛,经济与管理学院,LA800101,法律基础,-1817048960.0,2024-01,2024-09-04,77
202008000600,邓勇嘉,机电工程学院,MA400102,线性代数,-1817048960.0,2023-02,2023-09-18,79
202003000601,孙军鑫,经济与管理学院,CS300205,计算机组成原理,-1817048960.0,2022-02,2022-09-10,73
202002000602,冯俊,计算机科学与工程学院,ME600101,工程制图,-1817048960.0,2022-02,2022-09-24,86
202003000603,王俊林,机电工程学院,CS300101,程序设计基础,-1817048960.0,2026-01,2026-09-05,77
202002000604,吴天涛,电子信息工程学院,MA400103,概率论与数理统计,-1817048960.0,2023-01,2023-09-25,78
202006000605,王芳秀,电子信息工程学院,CS300201,软件工程,-1817048960.0,2023-02,2023-09-07,89
202003000606,尤颖翔,电子信息工程学院,CS300204,编译原理,-1817048960.0,2026-01,2026-09-23,68
202007000607,张婷,机电工程学院,CS300105,数据库系统原理,-1817048960.0,2021-02,2021-09-09,70
202003000608,周宇鑫,机电工程学院,ME600101,工程制图,-1817048960.0,2025-02,2025-09-27,74
202007000609,周洋,法学院,MA400103,概率论与数理统计,-1817048960.0,2023-01,2023-09-19,70
202001000610,潘萱婷,计算机科学与工程学院,CS300202,算法设计与分析,-1817048960.0,2022-02,2022-09-06,60
202005000611,谢瑞平,机电工程学院,CS300202,算法设计与分析,-1817048960.0,2020-01,2020-09-14,78
202003000612,韩明天,数学与统计学院,CS300202,算法设计与分析,-1817048960.0,2023-02,2023-09-03,70
202002000613,李天磊,电子信息工程学院,FL700101,大学英语,-1817048960.0,2021-01,2021-09-13,76
202002000614,彭博,机电工程学院,CS300202,算法设计与分析,-1817048960.0,2025-01,2025-09-02,77
202007000615,凤刚丽,经济与管理学院,MA400102,线性代数,-1817048960.0,2023-02,2023-09-26,65
202001000616,秦超,机电工程学院,ME600101,工程制图,-1817048960.0,2022-01,2022-09-04,58
202002000617,严颖,计算机科学与工程学院,ME600101,工程制图,-1817048960.0,2022-02,2022-09-13,74
202004000618,窦宇,土木工程学院,CS300204,编译原理,-1817048960.0,2026-01,2026-09-07,71
202002000619,韩帅峰,土木工程学院,MA400101,高等数学A,-1817048960.0,2021-01,2021-09-10,87
202002000620,彭杰博,机电工程学院,ME600101,工程制图,-1817048960.0,2023-01,2023-09-11,74
202003000621,冯俊娟,土木工程学院,CS300203,人工智能导论,-1817048960.0,2023-02,2023-09-14,68
202003000622,昌平敏,计算机科学与工程学院,MA400103,概率论与数理统计,-1817048960.0,2024-02,2024-09-22,63
202007000623,邹鑫智,法学院,CS300201,软件工程,-1817048960.0,2023-01,2023-09-05,76
202008000624,施鑫琳,电子信息工程学院,EE500101,电路分析,-1817048960.0,2024-01,2024-09-23,76
202004000625,褚丽,土木工程学院,CS300203,人工智能导论,-1817048960.0,2022-02,2022-09-01,77
202005000626,冯艳,计算机科学与工程学院,EE500101,电路分析,-1817048960.0,2023-01,2023-09-18,83
202008000627,曹文,法学院,MA400101,高等数学A,-1817048960.0,2023-02,2023-09-03,78
202002000628,秦飞,土木工程学院,EE500102,数字逻辑,-1817048960.0,2020-01,2020-09-22,72
202002000629,华雷芳,法学院,MA400102,线性代数,-1817048960.0,2024-02,2024-09-02,64
202004000630,冯勇颖,外国语学院,CS300204,编译原理,-1817048960.0,2024-02,2024-09-25,70
202003000631,吴智宇,经济与管理学院,ME600101,工程制图,-1817048960.0,2022-02,2022-09-24,73
202006000632,韩敏天,外国语学院,CS300104,计算机网络,-1817048960.0,2022-01,2022-09-16,72
202002000633,尤瑞静,电子信息工程学院,CS300103,操作系统原理,-1817048960.0,2022-02,2022-09-23,74
202005000634,施静,数学与统计学院,MA400101,高等数学A,-1817048960.0,2020-01,2020-09-10,71
202006000635,鲁颖娟,计算机科学与工程学院,FL700101,大学英语,-1817048960.0,2020-02,2020-09-16,67
202004000636,孙帅,经济与管理学院,CS300201,软件工程,-1817048960.0,2020-02,2020-09-28,89
202006000637,邓辉,法学院,CS300204,编译原理,-1817048960.0,2023-01,2023-09-27,81
202004000638,马文勇,法学院,CS300201,软件工程,-1817048960.0,2025-02,2025-09-15,73
202002000639,尤鑫琳,电子信息工程学院,CS300101,程序设计基础,-1817048960.0,2021-02,2021-09-27,76
202001000640,苏颖,外国语学院,EE500101,电路分析,-1817048960.0,2021-01,2021-09-06,65
202006000641,苗静,数学与统计学院,MA400102,线性代数,-1817048960.0,2024-02,2024-09-16,62
202007000642,戚艳林,经济与管理学院,CS300104,计算机网络,-1817048960.0,2024-01,2024-09-11,67
202004000643,范华丽,外国语学院,CS300105,数据库系统原理,-1817048960.0,2026-01,2026-09-22,62
202002000644,彭玲林,机电工程学院,MA400103,概率论与数理统计,-1817048960.0,2023-02,2023-09-01,77
202004000645,俞娜敏,法学院,FL700101,大学英语,-1817048960.0,2023-01,2023-09-04,88
202004000646,章明军,机电工程学院,CS300205,计算机组成原理,-1817048960.0,2020-02,2020-09-19,58
202001000647,潘明晨,法学院,LA800101,法律基础,-1817048960.0,2021-02,2021-09-22,74
202007000648,何文刚,外国语学院,CS300104,计算机网络,-1817048960.0,2024-02,2024-09-16,67
202001000649,王娟,外国语学院,CS300205,计算机组成原理,-1817048960.0,2022-02,2022-09-17,70
202005000650,邓秀,数学与统计学院,FL700101,大学英语,-1817048960.0,2020-02,2020-09-23,72
202008000651,金翔,机电工程学院,MA400101,高等数学A,-1817048960.0,2024-02,2024-09-02,80
202001000652,俞瑞静,数学与统计学院,CS300103,操作系统原理,-1817048960.0,2025-02,2025-09-09,70
202008000653,葛娟宇,外国语学院,EE500102,数字逻辑,-1817048960.0,2021-02,2021-09-28,76
202006000654,袁鑫阳,法学院,MA400101,高等数学A,-1817048960.0,2026-01,2026-09-18,80
202003000655,冯明娜,土木工程学院,CS300103,操作系统原理,-1817048960.0,2023-02,2023-09-16,64
202004000656,王颖,法学院,CS300205,计算机组成原理,-1817048960.0,2026-01,2026-09-07,80
202007000657,周雷,机电工程学院,CS300103,操作系统原理,-1817048960.0,2022-02,2022-09-06,73
202007000658,吴丽,外国语学院,CS300102,数据结构与算法,-1817048960.0,2023-01,2023-09-10,75
202008000659,水秀娜,电子信息工程学院,MA400103,概率论与数理统计,-1817048960.0,2025-02,2025-09-07,87
202003000660,陶霞刚,数学与统计学院,MA400101,高等数学A,-1817048960.0,2020-01,2020-09-25,79
202002000661,鲁霞,计算机科学与工程学院,MA400101,高等数学A,-1817048960.0,2020-01,2020-09-24,86
202005000662,施俊,电子信息工程学院,CS300205,计算机组成原理,-1817048960.0,2021-01,2021-09-14,72
202008000663,袁瑞宇,土木工程学院,CS300204,编译原理,-1817048960.0,2022-01,2022-09-27,72
202006000664,孙嘉飞,经济与管理学院,CS300201,软件工程,-1817048960.0,2024-02,2024-09-25,83
202005000665,柳杰,法学院,CS300205,计算机组成原理,-1817048960.0,2025-02,2025-09-22,77
202006000666,赵强玲,机电工程学院,CS300202,算法设计与分析,-1817048960.0,2025-02,2025-09-17,75
202002000667,钱萱智,经济与管理学院,EE500101,电路分析,-1817048960.0,2023-02,2023-09-23,78
202005000668,柳嘉,土木工程学院,CS300205,计算机组成原理,-1817048960.0,2024-01,2024-09-18,83
202004000669,孙超,土木工程学院,MA400101,高等数学A,-1817048960.0,2020-01,2020-09-08,78
202003000670,方娜秀,经济与管理学院,LA800101,法律基础,-1817048960.0,2022-01,2022-09-03,55
202003000671,曹宇,经济与管理学院,CS300102,数据结构与算法,-1817048960.0,2021-01,2021-09-11,81
202001000672,彭军娜,数学与统计学院,CS300204,编译原理,-1817048960.0,2020-02,2020-09-01,81
202004000673,钱翔,土木工程学院,MA400101,高等数学A,-1817048960.0,2025-01,2025-09-17,71
202002000674,沈勇丽,外国语学院,MA400101,高等数学A,-1817048960.0,2025-01,2025-09-10,83
202006000675,云磊,外国语学院,EE500101,电路分析,-1817048960.0,2024-01,2024-09-25,81
202001000676,金翔华,机电工程学院,MA400102,线性代数,-1817048960.0,2025-01,2025-09-10,69
202008000677,孔瑞,经济与管理学院,CS300205,计算机组成原理,-1817048960.0,2024-02,2024-09-02,75
202001000678,花霞宇,机电工程学院,CS300204,编译原理,-1817048960.0,2022-01,2022-09-09,68
202005000679,邓芳婷,法学院,CS300203,人工智能导论,-1817048960.0,2021-01,2021-09-18,83
202005000680,华芳宇,数学与统计学院,CS300203,人工智能导论,-1817048960.0,2023-02,2023-09-13,93
202005000681,韩芳平,法学院,CS300203,人工智能导论,-1817048960.0,2021-01,2021-09-18,84
202003000682,曹超,机电工程学院,CS300103,操作系统原理,-1817048960.0,2025-01,2025-09-07,56
202002000683,柏敏超,机电工程学院,CS300204,编译原理,-1817048960.0,2024-01,2024-09-02,78
202005000684,卫宇,法学院,CS300105,数据库系统原理,-1817048960.0,2022-01,2022-09-07,78
202007000685,秦帅秀,法学院,EE500102,数字逻辑,-1817048960.0,2020-02,2020-09-28,77
202005000686,柏宇伟,电子信息工程学院,CS300201,软件工程,-1817048960.0,2023-02,2023-09-20,84
202005000687,范婷军,土木工程学院,MA400103,概率论与数理统计,-1817048960.0,2026-01,2026-09-03,76
202005000688,苗洋明,经济与管理学院,EE500102,数字逻辑,-1817048960.0,2026-01,2026-09-15,85
202006000689,何智华,外国语学院,CS300101,程序设计基础,-1817048960.0,2025-01,2025-09-07,76
202001000690,吕磊晨,法学院,CS300204,编译原理,-1817048960.0,2022-01,2022-09-14,69
202006000691,蒋宇阳,土木工程学院,MA400101,高等数学A,-1817048960.0,2024-02,2024-09-20,70
202001000692,韦艳晨,数学与统计学院,EE500101,电路分析,-1817048960.0,2022-01,2022-09-28,78
202006000693,金嘉,机电工程学院,CS300105,数据库系统原理,-1817048960.0,2022-02,2022-09-28,70
202007000694,施涛娜,经济与管理学院,LA800101,法律基础,-1817048960.0,2025-02,2025-09-09,67
202003000695,葛杰颖,数学与统计学院,CS300204,编译原理,-1817048960.0,2026-01,2026-09-26,81
202005000696,严敏军,数学与统计学院,MA400102,线性代数,-1817048960.0,2024-01,2024-09-28,76
202001000697,葛宇杰,法学院,CS300202,算法设计与分析,-1817048960.0,2026-01,2026-09-07,75
202001000698,沈博娟,电子信息工程学院,MA400101,高等数学A,-1817048960.0,2025-01,2025-09-17,65
202007000699,陈萱峰,数学与统计学院,CS300204,编译原理,-1817048960.0,2022-01,2022-09-23,77
202004000700,苗磊静,外国语学院,CS300103,操作系统原理,-1817048960.0,2024-02,2024-09-13,67
202001000701,孔浩鑫,土木工程学院,MA400103,概率论与数理统计,-1817048960.0,2021-02,2021-09-12,77
202003000702,周秀翔,土木工程学院,EE500101,电路分析,-1817048960.0,2020-02,2020-09-17,74
202003000703,苗帅雷,经济与管理学院,CS300105,数据库系统原理,-1817048960.0,2020-02,2020-09-08,79
202005000704,吴杰阳,机电工程学院,FL700101,大学英语,-1817048960.0,2021-02,2021-09-01,80
202001000705,吴婷,经济与管理学院,CS300103,操作系统原理,-1817048960.0,2025-02,2025-09-22,74
202002000706,杨洋华,电子信息工程学院,EE500101,电路分析,-1817048960.0,2022-02,2022-09-21,64
202005000707,卫军丽,土木工程学院,LA800101,法律基础,-1817048960.0,2022-02,2022-09-12,81
202003000708,邹强智,数学与统计学院,MA400103,概率论与数理统计,-1817048960.0,2020-02,2020-09-24,70
202003000709,华瑞鑫,计算机科学与工程学院,CS300205,计算机组成原理,-1817048960.0,2025-01,2025-09-18,74
202008000710,窦天平,土木工程学院,MA400101,高等数学A,-1817048960.0,2025-01,2025-09-22,70
202002000711,谢静,外国语学院,CS300201,软件工程,-1817048960.0,2025-02,2025-09-01,75
202004000712,谢涛秀,计算机科学与工程学院,LA800101,法律基础,-1817048960.0,2026-01,2026-09-26,85
202001000713,郑芳浩,计算机科学与工程学院,MA400102,线性代数,-1817048960.0,2023-02,2023-09-12,72
202007000714,孔平宇,外国语学院,MA400103,概率论与数理统计,-1817048960.0,2020-02,2020-09-07,82
202003000715,邓文林,土木工程学院,EE500102,数字逻辑,-1817048960.0,2024-02,2024-09-12,75
202004000716,范鑫涛,数学与统计学院,CS300201,软件工程,-1817048960.0,2023-01,2023-09-09,74
202001000717,褚智明,电子信息工程学院,CS300202,算法设计与分析,-1817048960.0,2023-02,2023-09-21,69
202003000718,蒋婷强,土木工程学院,CS300105,数据库系统原理,-1817048960.0,2023-01,2023-09-08,74
202005000719,水杰雷,经济与管理学院,CS300102,数据结构与算法,-1817048960.0,2024-02,2024-09-21,74
202002000720,周怡瑞,土木工程学院,CS300101,程序设计基础,-1817048960.0,2023-02,2023-09-11,76
202007000721,潘宇敏,法学院,CS300201,软件工程,-1817048960.0,2026-01,2026-09-12,77
202002000722,吴杰峰,土木工程学院,CS300105,数据库系统原理,-1817048960.0,2022-02,2022-09-25,81
202002000723,王阳文,数学与统计学院,CS300201,软件工程,-1817048960.0,2026-01,2026-09-27,77
202001000724,郑芳萱,计算机科学与工程学院,CS300201,软件工程,-1817048960.0,2020-01,2020-09-06,83
202007000725,陈伟艳,外国语学院,CS300101,程序设计基础,-1817048960.0,2023-01,2023-09-19,89
202008000726,鲁辉勇,机电工程学院,EE500102,数字逻辑,-1817048960.0,2022-01,2022-09-01,85
202007000727,杨鑫阳,法学院,CS300204,编译原理,-1817048960.0,2020-01,2020-09-16,67
202004000728,韦宇,土木工程学院,CS300205,计算机组成原理,-1817048960.0,2026-01,2026-09-07,77
202004000729,陶超磊,外国语学院,EE500102,数字逻辑,-1817048960.0,2026-01,2026-09-02,73
202001000730,施玲瑞,数学与统计学院,EE500101,电路分析,-1817048960.0,2021-01,2021-09-25,93
202007000731,昌超,经济与管理学院,LA800101,法律基础,-1817048960.0,2023-01,2023-09-16,65
202008000732,李峰芳,计算机科学与工程学院,CS300105,数据库系统原理,-1817048960.0,2021-02,2021-09-21,79
202006000733,吴怡鑫,经济与管理学院,EE500101,电路分析,-1817048960.0,2024-02,2024-09-10,71
202001000734,郎玲宇,计算机科学与工程学院,CS300202,算法设计与分析,-1817048960.0,2021-02,2021-09-07,73
202001000735,金辉,土木工程学院,CS300201,软件工程,-1817048960.0,2023-02,2023-09-12,81
202006000736,杨雷秀,法学院,LA800101,法律基础,-1817048960.0,2022-01,2022-09-16,69
202005000737,苏静宇,土木工程学院,CS300102,数据结构与算法,-1817048960.0,2025-02,2025-09-06,79
202006000738,袁帅,机电工程学院,LA800101,法律基础,-1817048960.0,2020-02,2020-09-20,64
202001000739,蒋华军,法学院,MA400103,概率论与数理统计,-1817048960.0,2021-01,2021-09-20,85
202008000740,水峰帅,经济与管理学院,CS300102,数据结构与算法,-1817048960.0,2023-01,2023-09-04,78
202008000741,马帅军,外国语学院,EE500102,数字逻辑,-1817048960.0,2025-02,2025-09-05,77
202001000742,秦敏,数学与统计学院,CS300202,算法设计与分析,-1817048960.0,2025-02,2025-09-22,73
202003000743,曹娟翔,外国语学院,ME600101,工程制图,-1817048960.0,2024-02,2024-09-15,79
202006000744,马华玲,电子信息工程学院,CS300101,程序设计基础,-1817048960.0,2022-02,2022-09-08,78
202001000745,俞俊玲,计算机科学与工程学院,EE500101,电路分析,-1817048960.0,2024-02,2024-09-01,83
202005000746,尤静婷,土木工程学院,CS300101,程序设计基础,-1817048960.0,2020-02,2020-09-24,83
202002000747,水博颖,土木工程学院,EE500102,数字逻辑,-1817048960.0,2024-01,2024-09-10,78
202005000748,严雷阳,外国语学院,CS300203,人工智能导论,-1817048960.0,2024-01,2024-09-11,72
202002000749,褚玲,土木工程学院,MA400102,线性代数,-1817048960.0,2022-02,2022-09-01,81
202002000750,严艳,经济与管理学院,LA800101,法律基础,-1817048960.0,2021-01,2021-09-22,78
202006000751,章静鑫,外国语学院,EE500101,电路分析,-1817048960.0,2021-01,2021-09-23,77
202004000752,凤华琳,外国语学院,CS300104,计算机网络,-1817048960.0,2021-02,2021-09-08,87
202008000753,袁玲琳,计算机科学与工程学院,MA400101,高等数学A,-1817048960.0,2024-01,2024-09-28,75
202007000754,邓雷鑫,机电工程学院,CS300104,计算机网络,-1817048960.0,2020-01,2020-09-13,71
202008000755,赵超瑞,法学院,EE500102,数字逻辑,-1817048960.0,2020-02,2020-09-19,83
202001000756,赵磊峰,土木工程学院,MA400103,概率论与数理统计,-1817048960.0,2020-01,2020-09-23,72
202003000757,沈浩智,法学院,CS300103,操作系统原理,-1817048960.0,2020-01,2020-09-14,63
202003000758,章峰,法学院,CS300101,程序设计基础,-1817048960.0,2021-01,2021-09-20,83
202005000759,秦晨伟,法学院,CS300204,编译原理,-1817048960.0,2021-01,2021-09-22,74
202005000760,王林芳,机电工程学院,CS300202,算法设计与分析,-1817048960.0,2020-02,2020-09-01,72
202002000761,韦峰秀,土木工程学院,LA800101,法律基础,-1817048960.0,2024-01,2024-09-17,67
202008000762,许颖艳,外国语学院,CS300202,算法设计与分析,-1817048960.0,2023-02,2023-09-19,86
202006000763,葛嘉,机电工程学院,CS300102,数据结构与算法,-1817048960.0,2022-02,2022-09-13,72
202006000764,魏超平,数学与统计学院,MA400101,高等数学A,-1817048960.0,2022-02,2022-09-08,84
202002000765,韦伟玲,法学院,CS300205,计算机组成原理,-1817048960.0,2025-01,2025-09-28,75
202003000766,周艳瑞,土木工程学院,CS300204,编译原理,-1817048960.0,2022-02,2022-09-10,81
202007000767,窦翔,数学与统计学院,MA400101,高等数学A,-1817048960.0,2021-01,2021-09-06,75
202004000768,朱超,土木工程学院,CS300204,编译原理,-1817048960.0,2020-01,2020-09-18,74
202001000769,郑磊,电子信息工程学院,MA400103,概率论与数理统计,-1817048960.0,2021-01,2021-09-17,76
202008000770,鲁晨,机电工程学院,CS300102,数据结构与算法,-1817048960.0,2026-01,2026-09-24,74
202006000771,朱超瑞,机电工程学院,CS300101,程序设计基础,-1817048960.0,2023-01,2023-09-01,79
202006000772,苏娜艳,法学院,MA400102,线性代数,-1817048960.0,2026-01,2026-09-23,56
202001000773,严静,外国语学院,CS300203,人工智能导论,-1817048960.0,2023-01,2023-09-18,80
202006000774,华宇,外国语学院,MA400101,高等数学A,-1817048960.0,2022-01,2022-09-01,65
202007000775,水玲萱,计算机科学与工程学院,CS300203,人工智能导论,-1817048960.0,2024-02,2024-09-11,79
202004000776,窦勇俊,经济与管理学院,CS300203,人工智能导论,-1817048960.0,2021-02,2021-09-23,70
202007000777,施鑫博,土木工程学院,CS300201,软件工程,-1817048960.0,2023-02,2023-09-15,82
202008000778,卫玲,计算机科学与工程学院,CS300102,数据结构与算法,-1817048960.0,2023-01,2023-09-04,79
202004000779,邹林,法学院,EE500102,数字逻辑,-1817048960.0,2022-02,2022-09-08,68
202006000780,彭平瑞,电子信息工程学院,EE500102,数字逻辑,-1817048960.0,2022-02,2022-09-19,76
202004000781,葛萱霞,经济与管理学院,CS300101,程序设计基础,-1817048960.0,2022-02,2022-09-09,72
202001000782,云帅杰,法学院,CS300205,计算机组成原理,-1817048960.0,2020-01,2020-09-26,65
202005000783,杨浩宇,电子信息工程学院,CS300105,数据库系统原理,-1817048960.0,2023-02,2023-09-08,75
202002000784,秦磊霞,法学院,CS300203,人工智能导论,-1817048960.0,2022-02,2022-09-22,79
202006000785,章军鑫,机电工程学院,MA400102,线性代数,-1817048960.0,2022-02,2022-09-02,79
202007000786,谢芳,数学与统计学院,ME600101,工程制图,-1817048960.0,2024-02,2024-09-15,73
202005000787,冯强,外国语学院,LA800101,法律基础,-1817048960.0,2022-01,2022-09-08,72
202004000788,范琳博,外国语学院,EE500102,数字逻辑,-1817048960.0,2020-01,2020-09-24,77
202001000789,严琳伟,数学与统计学院,EE500101,电路分析,-1817048960.0,2023-01,2023-09-16,79
202006000790,柳敏磊,土木工程学院,EE500101,电路分析,-1817048960.0,2021-01,2021-09-07,77
202001000791,朱芳浩,外国语学院,LA800101,法律基础,-1817048960.0,2021-02,2021-09-13,83
202002000792,杨帅瑞,电子信息工程学院,CS300104,计算机网络,-1817048960.0,2022-01,2022-09-14,64
202001000793,鲁峰强,法学院,EE500102,数字逻辑,-1817048960.0,2025-02,2025-09-21,91
202007000794,姜杰,经济与管理学院,ME600101,工程制图,-1817048960.0,2020-02,2020-09-21,71
202007000795,褚婷,电子信息工程学院,CS300201,软件工程,-1817048960.0,2025-02,2025-09-04,62
202008000796,窦宇瑞,外国语学院,CS300103,操作系统原理,-1817048960.0,2024-01,2024-09-20,66
202008000797,章怡,经济与管理学院,MA400103,概率论与数理统计,-1817048960.0,2022-01,2022-09-05,72
202001000798,范怡勇,计算机科学与工程学院,FL700101,大学英语,-1817048960.0,2025-01,2025-09-01,82
202001000799,沈智琳,法学院,CS300203,人工智能导论,-1817048960.0,2024-01,2024-09-27,76
202004000800,周宇芳,数学与统计学院,CS300204,编译原理,-1817048960.0,2025-02,2025-09-23,68
202008000801,郑鑫,计算机科学与工程学院,MA400103,概率论与数理统计,-1817048960.0,2020-02,2020-09-26,70
202002000802,葛丽静,经济与管理学院,CS300201,软件工程,-1817048960.0,2022-02,2022-09-27,77
202007000803,蒋涛辉,经济与管理学院,CS300204,编译原理,-1817048960.0,2026-01,2026-09-23,74
202003000804,褚刚宇,经济与管理学院,MA400101,高等数学A,-1817048960.0,2023-01,2023-09-02,69
202002000805,任宇刚,法学院,MA400101,高等数学A,-1817048960.0,2022-01,2022-09-19,72
202008000806,喻平超,数学与统计学院,MA400101,高等数学A,-1817048960.0,2026-01,2026-09-19,62
202001000807,喻宇,外国语学院,CS300203,人工智能导论,-1817048960.0,2021-01,2021-09-16,80
202006000808,邓华勇,电子信息工程学院,LA800101,法律基础,-1817048960.0,2025-01,2025-09-08,81
202006000809,许娟玲,土木工程学院,MA400101,高等数学A,-1817048960.0,2021-01,2021-09-25,76
202008000810,柳辉,法学院,CS300105,数据库系统原理,-1817048960.0,2024-01,2024-09-23,77
202004000811,窦宇玲,土木工程学院,CS300201,软件工程,-1817048960.0,2023-01,2023-09-20,86
202006000812,许勇,法学院,CS300104,计算机网络,-1817048960.0,2026-01,2026-09-26,90
202007000813,喻强俊,土木工程学院,MA400101,高等数学A,-1817048960.0,2024-02,2024-09-27,70
202006000814,苗琳,土木工程学院,EE500101,电路分析,-1817048960.0,2020-01,2020-09-12,72
202007000815,吴嘉娟,计算机科学与工程学院,LA800101,法律基础,-1817048960.0,2023-01,2023-09-01,86
202005000816,杨林瑞,法学院,CS300101,程序设计基础,-1817048960.0,2024-02,2024-09-21,79
202007000817,苏超超,经济与管理学院,EE500101,电路分析,-1817048960.0,2025-01,2025-09-15,80
202005000818,尤刚,计算机科学与工程学院,CS300102,数据结构与算法,-1817048960.0,2025-01,2025-09-14,70
202005000819,邓颖天,计算机科学与工程学院,MA400102,线性代数,-1817048960.0,2023-02,2023-09-20,73
202004000820,吕伟,计算机科学与工程学院,CS300105,数据库系统原理,-1817048960.0,2025-01,2025-09-03,81
202003000821,花平刚,法学院,LA800101,法律基础,-1817048960.0,2024-01,2024-09-09,79
202004000822,钱婷颖,经济与管理学院,FL700101,大学英语,-1817048960.0,2025-01,2025-09-23,75
202007000823,严娜浩,电子信息工程学院,CS300203,人工智能导论,-1817048960.0,2021-01,2021-09-10,72
202008000824,柳军嘉,土木工程学院,LA800101,法律基础,-1817048960.0,2024-02,2024-09-18,66
202003000825,任鑫鑫,土木工程学院,FL700101,大学英语,-1817048960.0,2023-01,2023-09-20,83
202006000826,姜宇伟,机电工程学院,ME600101,工程制图,-1817048960.0,2024-02,2024-09-02,85
202003000827,苏霞,外国语学院,CS300202,算法设计与分析,-1817048960.0,2022-01,2022-09-12,66
202005000828,韦宇玲,土木工程学院,CS300103,操作系统原理,-1817048960.0,2025-01,2025-09-17,79
202006000829,何明文,法学院,MA400101,高等数学A,-1817048960.0,2026-01,2026-09-03,74
202002000830,秦智伟,法学院,CS300203,人工智能导论,-1817048960.0,2020-01,2020-09-02,75
202004000831,苗瑞琳,外国语学院,CS300203,人工智能导论,-1817048960.0,2020-02,2020-09-22,72
202002000832,秦平静,机电工程学院,CS300103,操作系统原理,-1817048960.0,2020-01,2020-09-10,77
202005000833,施娟,经济与管理学院,ME600101,工程制图,-1817048960.0,2020-02,2020-09-21,82
202006000834,苏辉鑫,法学院,CS300205,计算机组成原理,-1817048960.0,2024-02,2024-09-15,70
202005000835,邓丽,法学院,MA400103,概率论与数理统计,-1817048960.0,2021-02,2021-09-14,77
202005000836,冯艳,机电工程学院,CS300105,数据库系统原理,-1817048960.0,2025-02,2025-09-24,67
202002000837,吕芳怡,土木工程学院,LA800101,法律基础,-1817048960.0,2026-01,2026-09-13,73
202002000838,钱宇,机电工程学院,FL700101,大学英语,-1817048960.0,2020-01,2020-09-22,75
202006000839,韦天,经济与管理学院,CS300203,人工智能导论,-1817048960.0,2020-01,2020-09-05,77
202008000840,花明,数学与统计学院,FL700101,大学英语,-1817048960.0,2023-01,2023-09-21,87
202003000841,邹静艳,法学院,CS300204,编译原理,-1817048960.0,2023-02,2023-09-14,67
202001000842,云玲,机电工程学院,CS300104,计算机网络,-1817048960.0,2022-02,2022-09-04,80
202001000843,袁超智,土木工程学院,CS300202,算法设计与分析,-1817048960.0,2025-02,2025-09-03,83
202006000844,秦婷,经济与管理学院,CS300101,程序设计基础,-1817048960.0,2022-02,2022-09-17,73
202006000845,葛飞丽,经济与管理学院,MA400101,高等数学A,-1817048960.0,2020-02,2020-09-11,74
202008000846,姜翔,数学与统计学院,CS300201,软件工程,-1817048960.0,2023-01,2023-09-26,74
202003000847,金翔磊,法学院,CS300102,数据结构与算法,-1817048960.0,2026-01,2026-09-11,75
202007000848,卫超涛,法学院,CS300102,数据结构与算法,-1817048960.0,2020-02,2020-09-02,77
202006000849,潘翔晨,土木工程学院,CS300102,数据结构与算法,-1817048960.0,2026-01,2026-09-24,65
202001000850,郎晨明,数学与统计学院,CS300103,操作系统原理,-1817048960.0,2020-02,2020-09-08,71
202007000851,华帅天,法学院,MA400101,高等数学A,-1817048960.0,2025-01,2025-09-23,81
202001000852,朱磊智,数学与统计学院,MA400103,概率论与数理统计,-1817048960.0,2025-01,2025-09-19,79
202002000853,范军秀,外国语学院,FL700101,大学英语,-1817048960.0,2024-02,2024-09-12,79
202001000854,水明宇,外国语学院,CS300102,数据结构与算法,-1817048960.0,2024-01,2024-09-24,71
202001000855,蒋勇辉,计算机科学与工程学院,CS300104,计算机网络,-1817048960.0,2022-01,2022-09-27,76
202003000856,郑华军,电子信息工程学院,LA800101,法律基础,-1817048960.0,2021-01,2021-09-19,73
202003000857,吴琳,土木工程学院,CS300204,编译原理,-1817048960.0,2020-02,2020-09-15,74
202002000858,葛刚晨,计算机科学与工程学院,MA400101,高等数学A,-1817048960.0,2022-02,2022-09-17,82
202003000859,姜浩丽,法学院,CS300103,操作系统原理,-1817048960.0,2022-01,2022-09-20,68
202005000860,俞宇阳,数学与统计学院,MA400103,概率论与数理统计,-1817048960.0,2023-01,2023-09-07,63
202001000861,王明秀,电子信息工程学院,LA800101,法律基础,-1817048960.0,2022-01,2022-09-04,74
202002000862,袁辉,机电工程学院,CS300103,操作系统原理,-1817048960.0,2025-02,2025-09-22,75
202008000863,吴超,外国语学院,MA400102,线性代数,-1817048960.0,2020-01,2020-09-08,68
202008000864,云涛,计算机科学与工程学院,CS300205,计算机组成原理,-1817048960.0,2023-01,2023-09-20,67
202008000865,施阳娟,法学院,LA800101,法律基础,-1817048960.0,2020-01,2020-09-24,67
202007000866,苗浩刚,数学与统计学院,CS300101,程序设计基础,-1817048960.0,2025-01,2025-09-05,86
202003000867,华嘉娜,机电工程学院,CS300202,算法设计与分析,-1817048960.0,2025-02,2025-09-26,76
202007000868,韩文,土木工程学院,CS300104,计算机网络,-1817048960.0,2021-01,2021-09-07,67
202004000869,苗勇颖,电子信息工程学院,FL700101,大学英语,-1817048960.0,2024-01,2024-09-18,75
202008000870,朱杰天,法学院,CS300202,算法设计与分析,-1817048960.0,2024-01,2024-09-18,77
202008000871,章涛,电子信息工程学院,EE500102,数字逻辑,-1817048960.0,2025-01,2025-09-05,71
202006000872,方嘉,土木工程学院,LA800101,法律基础,-1817048960.0,2022-01,2022-09-24,70
202005000873,施磊,计算机科学与工程学院,EE500101,电路分析,-1817048960.0,2025-02,2025-09-12,63
202002000874,卫杰宇,外国语学院,MA400102,线性代数,-1817048960.0,2020-01,2020-09-22,81
202007000875,何军智,计算机科学与工程学院,CS300104,计算机网络,-1817048960.0,2023-01,2023-09-26,75
202008000876,柏飞雷,外国语学院,CS300103,操作系统原理,-1817048960.0,2023-01,2023-09-13,73
202007000877,王浩军,外国语学院,FL700101,大学英语,-1817048960.0,2020-02,2020-09-04,71
202005000878,邹鑫宇,数学与统计学院,CS300104,计算机网络,-1817048960.0,2021-02,2021-09-18,68
202005000879,许洋磊,数学与统计学院,MA400103,概率论与数理统计,-1817048960.0,2025-02,2025-09-22,82
202008000880,葛勇飞,外国语学院,CS300102,数据结构与算法,-1817048960.0,2023-01,2023-09-12,85
202002000881,葛霞磊,计算机科学与工程学院,CS300205,计算机组成原理,-1817048960.0,2020-02,2020-09-09,65
202006000882,袁萱超,外国语学院,FL700101,大学英语,-1817048960.0,2023-01,2023-09-03,86
202006000883,吕天,土木工程学院,CS300101,程序设计基础,-1817048960.0,2024-01,2024-09-12,73
202004000884,钱强,法学院,MA400102,线性代数,-1817048960.0,2023-02,2023-09-24,78
202006000885,许丽宇,外国语学院,CS300205,计算机组成原理,-1817048960.0,2023-02,2023-09-10,83
202002000886,陈强峰,法学院,CS300102,数据结构与算法,-1817048960.0,2021-01,2021-09-24,78
202006000887,卫鑫,计算机科学与工程学院,CS300103,操作系统原理,-1817048960.0,2020-01,2020-09-20,73
202001000888,任翔秀,计算机科学与工程学院,CS300104,计算机网络,-1817048960.0,2021-01,2021-09-08,84
202003000889,俞磊文,外国语学院,EE500102,数字逻辑,-1817048960.0,2021-02,2021-09-16,67
202007000890,花萱,经济与管理学院,CS300204,编译原理,-1817048960.0,2020-01,2020-09-03,72
202005000891,窦帅琳,电子信息工程学院,CS300202,算法设计与分析,-1817048960.0,2020-02,2020-09-14,77
202001000892,陈强超,外国语学院,MA400103,概率论与数理统计,-1817048960.0,2021-02,2021-09-11,84
202008000893,金雷伟,外国语学院,MA400102,线性代数,-1817048960.0,2025-02,2025-09-01,69
202007000894,魏琳宇,电子信息工程学院,CS300103,操作系统原理,-1817048960.0,2021-02,2021-09-04,67
202008000895,沈刚飞,外国语学院,CS300105,数据库系统原理,-1817048960.0,2025-01,2025-09-22,66
202007000896,俞刚峰,电子信息工程学院,ME600101,工程制图,-1817048960.0,2021-01,2021-09-12,75
202008000897,吴秀,外国语学院,CS300203,人工智能导论,-1817048960.0,2021-02,2021-09-03,70
202007000898,施鑫,法学院,MA400102,线性代数,-1817048960.0,2022-01,2022-09-26,64
202008000899,周芳强,计算机科学与工程学院,LA800101,法律基础,-1817048960.0,2023-01,2023-09-14,77
202004000900,吕磊,数学与统计学院,CS300205,计算机组成原理,-1817048960.0,2022-01,2022-09-23,86
202003000901,何怡秀,法学院,ME600101,工程制图,-1817048960.0,2024-01,2024-09-14,71
202002000902,柏军华,经济与管理学院,CS300204,编译原理,-1817048960.0,2023-01,2023-09-26,83
202006000903,马娟,数学与统计学院,CS300103,操作系统原理,-1817048960.0,2020-01,2020-09-19,82
202004000904,金天俊,机电工程学院,EE500102,数字逻辑,-1817048960.0,2021-01,2021-09-07,60
202001000905,曹俊宇,电子信息工程学院,MA400101,高等数学A,-1817048960.0,2024-01,2024-09-08,70
202003000906,葛智文,计算机科学与工程学院,CS300102,数据结构与算法,-1817048960.0,2024-01,2024-09-14,70
202005000907,章天俊,法学院,CS300103,操作系统原理,-1817048960.0,2020-01,2020-09-10,80
202004000908,范超,外国语学院,CS300205,计算机组成原理,-1817048960.0,2025-01,2025-09-05,74
202006000909,潘阳飞,经济与管理学院,FL700101,大学英语,-1817048960.0,2025-01,2025-09-14,62
202002000910,韩翔静,法学院,MA400102,线性代数,-1817048960.0,2021-02,2021-09-02,75
202001000911,韦杰勇,机电工程学院,CS300203,人工智能导论,-1817048960.0,2022-02,2022-09-23,59
202008000912,李伟娟,电子信息工程学院,CS300103,操作系统原理,-1817048960.0,2025-02,2025-09-07,69
202003000913,华瑞,经济与管理学院,EE500101,电路分析,-1817048960.0,2022-02,2022-09-08,78
202001000914,沈智宇,电子信息工程学院,LA800101,法律基础,-1817048960.0,2020-01,2020-09-25,79
202005000915,陈帅洋,数学与统计学院,MA400101,高等数学A,-1817048960.0,2025-01,2025-09-27,71
202004000916,韦宇天,外国语学院,CS300105,数据库系统原理,-1817048960.0,2023-02,2023-09-04,74
202004000917,魏鑫晨,计算机科学与工程学院,EE500102,数字逻辑,-1817048960.0,2025-02,2025-09-11,70
202004000918,昌琳翔,计算机科学与工程学院,CS300202,算法设计与分析,-1817048960.0,2022-02,2022-09-14,75
202008000919,谢峰,外国语学院,FL700101,大学英语,-1817048960.0,2024-01,2024-09-08,59
202002000920,曹静怡,外国语学院,CS300102,数据结构与算法,-1817048960.0,2020-01,2020-09-19,64
202001000921,马宇瑞,机电工程学院,EE500101,电路分析,-1817048960.0,2024-01,2024-09-20,70
202003000922,水敏智,计算机科学与工程学院,CS300101,程序设计基础,-1817048960.0,2024-01,2024-09-13,69
202006000923,戚文,法学院,CS300202,算法设计与分析,-1817048960.0,2022-01,2022-09-15,80
202007000924,彭静,外国语学院,MA400103,概率论与数理统计,-1817048960.0,2023-02,2023-09-17,79
202008000925,许怡,数学与统计学院,CS300204,编译原理,-1817048960.0,2022-02,2022-09-25,88
202003000926,华宇,法学院,ME600101,工程制图,-1817048960.0,2020-01,2020-09-17,73
202006000927,郎帅瑞,电子信息工程学院,CS300204,编译原理,-1817048960.0,2023-02,2023-09-05,80
202003000928,吕婷娜,法学院,CS300202,算法设计与分析,-1817048960.0,2025-01,2025-09-26,77
202007000929,苗怡,数学与统计学院,MA400102,线性代数,-1817048960.0,2023-02,2023-09-25,72
202006000930,冯伟敏,数学与统计学院,CS300201,软件工程,-1817048960.0,2025-02,2025-09-22,80
202007000931,彭鑫,计算机科学与工程学院,EE500101,电路分析,-1817048960.0,2020-01,2020-09-19,80
202003000932,许平,法学院,MA400102,线性代数,-1817048960.0,2026-01,2026-09-23,68
202002000933,褚宇林,计算机科学与工程学院,CS300102,数据结构与算法,-1817048960.0,2024-02,2024-09-08,63
202005000934,尤华鑫,电子信息工程学院,FL700101,大学英语,-1817048960.0,2025-02,2025-09-24,76
202001000935,葛平玲,经济与管理学院,CS300201,软件工程,-1817048960.0,2022-01,2022-09-21,61
202007000936,方鑫颖,经济与管理学院,CS300205,计算机组成原理,-1817048960.0,2020-02,2020-09-13,66
202001000937,方怡鑫,法学院,EE500102,数字逻辑,-1817048960.0,2025-02,2025-09-18,81
202002000938,王颖超,计算机科学与工程学院,CS300205,计算机组成原理,-1817048960.0,2021-01,2021-09-27,69
202001000939,尤平天,计算机科学与工程学院,FL700101,大学英语,-1817048960.0,2026-01,2026-09-15,66
202006000940,孙文平,外国语学院,ME600101,工程制图,-1817048960.0,2024-01,2024-09-12,88
202003000941,郎林刚,经济与管理学院,CS300201,软件工程,-1817048960.0,2022-01,2022-09-02,83
202006000942,冯洋伟,法学院,EE500102,数字逻辑,-1817048960.0,2023-02,2023-09-12,82
202007000943,陶军,电子信息工程学院,LA800101,法律基础,-1817048960.0,2022-01,2022-09-08,78
202006000944,陈华军,外国语学院,CS300105,数据库系统原理,-1817048960.0,2023-01,2023-09-15,71
202001000945,孙军秀,土木工程学院,CS300102,数据结构与算法,-1817048960.0,2024-02,2024-09-24,69
202003000946,喻林丽,电子信息工程学院,MA400101,高等数学A,-1817048960.0,2024-01,2024-09-20,75
202007000947,谢强,土木工程学院,CS300205,计算机组成原理,-1817048960.0,2021-02,2021-09-28,77
202004000948,葛天,电子信息工程学院,EE500102,数字逻辑,-1817048960.0,2022-01,2022-09-12,67
202001000949,李静,数学与统计学院,CS300102,数据结构与算法,-1817048960.0,2025-02,2025-09-14,82
202001000950,任博,经济与管理学院,CS300201,软件工程,-1817048960.0,2022-02,2022-09-02,91
202002000951,张敏霞,计算机科学与工程学院,CS300104,计算机网络,-1817048960.0,2023-02,2023-09-15,84
202001000952,沈超磊,法学院,MA400101,高等数学A,-1817048960.0,2026-01,2026-09-25,66
202008000953,俞颖,计算机科学与工程学院,EE500102,数字逻辑,-1817048960.0,2026-01,2026-09-21,75
202005000954,周华鑫,机电工程学院,EE500101,电路分析,-1817048960.0,2020-02,2020-09-16,82
202008000955,方飞勇,机电工程学院,CS300205,计算机组成原理,-1817048960.0,2021-02,2021-09-27,90
202003000956,水浩军,计算机科学与工程学院,CS300201,软件工程,-1817048960.0,2025-01,2025-09-22,76
202004000957,周刚,土木工程学院,MA400101,高等数学A,-1817048960.0,2024-01,2024-09-04,78
202004000958,严涛,机电工程学院,ME600101,工程制图,-1817048960.0,2023-01,2023-09-24,68
202001000959,张军宇,数学与统计学院,EE500102,数字逻辑,-1817048960.0,2025-02,2025-09-13,78
202004000960,苏文帅,外国语学院,MA400103,概率论与数理统计,-1817048960.0,2020-02,2020-09-06,66
202002000961,张静,外国语学院,CS300103,操作系统原理,-1817048960.0,2022-02,2022-09-22,62
202003000962,郑超,外国语学院,EE500102,数字逻辑,-1817048960.0,2021-02,2021-09-20,83
202006000963,苗杰翔,电子信息工程学院,CS300102,数据结构与算法,-1817048960.0,2025-01,2025-09-07,68
202007000964,秦智,计算机科学与工程学院,CS300204,编译原理,-1817048960.0,2020-02,2020-09-10,79
202002000965,韦瑞琳,电子信息工程学院,MA400102,线性代数,-1817048960.0,2025-02,2025-09-21,68
202008000966,昌智,机电工程学院,CS300105,数据库系统原理,-1817048960.0,2025-02,2025-09-17,77
202001000967,范雷秀,数学与统计学院,CS300102,数据结构与算法,-1817048960.0,2021-01,2021-09-28,63
202006000968,褚涛伟,法学院,FL700101,大学英语,-1817048960.0,2022-01,2022-09-22,66
202001000969,钱俊明,外国语学院,CS300201,软件工程,-1817048960.0,2025-01,2025-09-20,78
202002000970,曹军晨,经济与管理学院,CS300203,人工智能导论,-1817048960.0,2025-01,2025-09-26,69
202006000971,戚秀俊,数学与统计学院,EE500102,数字逻辑,-1817048960.0,2021-02,2021-09-15,73
202004000972,葛浩,法学院,CS300205,计算机组成原理,-1817048960.0,2020-02,2020-09-07,76
202001000973,郑辉,电子信息工程学院,MA400102,线性代数,-1817048960.0,2024-01,2024-09-08,63
202008000974,李怡鑫,电子信息工程学院,CS300202,算法设计与分析,-1817048960.0,2025-01,2025-09-24,78
202001000975,凤林飞,土木工程学院,CS300102,数据结构与算法,-1817048960.0,2023-01,2023-09-01,86
202006000976,范颖林,计算机科学与工程学院,FL700101,大学英语,-1817048960.0,2022-01,2022-09-19,77
202004000977,褚翔丽,机电工程学院,CS300203,人工智能导论,-1817048960.0,2021-02,2021-09-23,79
202007000978,李婷晨,机电工程学院,CS300205,计算机组成原理,-1817048960.0,2020-01,2020-09-20,77
202004000979,周鑫天,经济与管理学院,CS300203,人工智能导论,-1817048960.0,2020-01,2020-09-14,83
202001000980,何琳晨,机电工程学院,CS300102,数据结构与算法,-1817048960.0,2025-01,2025-09-28,78
202003000981,金博军,数学与统计学院,MA400102,线性代数,-1817048960.0,2025-02,2025-09-10,70
202001000982,韦颖华,数学与统计学院,MA400101,高等数学A,-1817048960.0,2024-01,2024-09-01,71
202008000983,凤超帅,土木工程学院,FL700101,大学英语,-1817048960.0,2022-02,2022-09-15,81
202007000984,姜静,土木工程学院,ME600101,工程制图,-1817048960.0,2022-01,2022-09-15,69
202005000985,张翔瑞,经济与管理学院,FL700101,大学英语,-1817048960.0,2025-02,2025-09-25,59
202002000986,魏帅翔,经济与管理学院,CS300103,操作系统原理,-1817048960.0,2023-01,2023-09-17,61
202004000987,周俊娜,外国语学院,CS300103,操作系统原理,-1817048960.0,2022-01,2022-09-08,76
202005000988,尤秀,外国语学院,CS300104,计算机网络,-1817048960.0,2021-02,2021-09-26,66
202005000989,方艳,经济与管理学院,CS300202,算法设计与分析,-1817048960.0,2022-02,2022-09-07,75
202002000990,陶华宇,经济与管理学院,FL700101,大学英语,-1817048960.0,2023-02,2023-09-02,65
202004000991,韩洋勇,计算机科学与工程学院,CS300101,程序设计基础,-1817048960.0,2024-02,2024-09-17,74
202005000992,章博秀,电子信息工程学院,CS300101,程序设计基础,-1817048960.0,2024-01,2024-09-23,72
202008000993,马静艳,法学院,LA800101,法律基础,-1817048960.0,2025-02,2025-09-28,78
202007000994,陶颖天,计算机科学与工程学院,MA400102,线性代数,-1817048960.0,2024-01,2024-09-28,82
202001000995,姜辉,机电工程学院,CS300204,编译原理,-1817048960.0,2025-01,2025-09-23,74
202004000996,戚辉刚,法学院,CS300204,编译原理,-1817048960.0,2020-02,2020-09-17,72
202002000997,葛艳,法学院,CS300103,操作系统原理,-1817048960.0,2025-01,2025-09-26,71
202004000998,褚敏洋,电子信息工程学院,CS300101,程序设计基础,-1817048960.0,2022-02,2022-09-15,76
202004000999,袁辉秀,数学与统计学院,CS300204,编译原理,-1817048960.0,2022-02,2022-09-20,89
202007001000,邹秀,土木工程学院,MA400103,概率论与数理统计,-1817048960.0,2024-01,2024-09-16,83
B20250302114,fc,计科,cs123123,,-1817048960.0,2025-01,0231-1355956032-32763,100
